{"p_in_loss": 0.0007464818772859871, "p_out_loss": 1.0310954312586773e-09, "rc_loss": 5.294186848914251e-05, "ru_loss": 0.06507186591625214, "rv_loss": 0.0396527424454689, "u_noslip_loss": 5.2226681873435155e-05, "v_in_loss": 8.582513260080304e-07, "v_noslip_loss": 2.5924980946001597e-05, "v_out_loss": 6.865556040347442e-11, "p_in_weight": 98.24400329589844, "p_out_weight": 141774.96875, "rc_weight": 170.83473205566406, "ru_weight": 0.21802382171154022, "rv_weight": 0.22808325290679932, "u_noslip_weight": 2744.77587890625, "v_in_weight": 507.51092529296875, "v_noslip_weight": 2485.322509765625, "v_out_weight": 495022.8125, "u_error": 0.9983416795730591, "v_error": 0.9989882707595825, "_timestamp": 1715973572.280405, "_runtime": 1180.5103869438171, "_step": 79900, "_wandb": {"runtime": 1181}}