{"p_in_loss": 1.3591081593489207e-09, "p_out_loss": 1.52098347805385e-10, "rc_loss": 2.050796297226043e-07, "ru_loss": 8.338289262610488e-06, "rv_loss": 6.286511052167043e-06, "u_noslip_loss": 5.232732913640348e-09, "v_noslip_loss": 1.1372601749215505e-09, "p_in_weight": 205.17535400390625, "p_out_weight": 361.36163330078125, "rc_weight": 3.433086633682251, "ru_weight": 0.26874569058418274, "rv_weight": 0.39264795184135437, "u_noslip_weight": 143.21273803710938, "v_noslip_weight": 149.20742797851562, "u_error": 0.7299776673316956, "v_error": 0.7399753332138062, "_timestamp": 1715697126.5987718, "_runtime": 208.2810628414154, "_step": 99900, "_wandb": {"runtime": 207}}