{"p_in_loss": 7.773969912250323e-08, "p_out_loss": 1.3696067924229283e-07, "rc_loss": 0.034968309104442596, "ru_loss": 7877.53662109375, "rv_loss": 3237.689453125, "u_noslip_loss": 0.00019215262727811933, "v_in_loss": 8.457135436401586e-08, "v_noslip_loss": 0.00011425254342611879, "v_out_loss": 1.369792670402603e-07, "p_in_weight": 45792992.0, "p_out_weight": 52506340.0, "rc_weight": 17478.5078125, "ru_weight": 0.19853302836418152, "rv_weight": 0.2527039647102356, "u_noslip_weight": 17518618.0, "v_in_weight": 21508492.0, "v_noslip_weight": 16549120.0, "v_out_weight": 20706698.0, "u_error": 0.5219681262969971, "v_error": 0.5617709159851074, "_timestamp": 1718132046.4370832, "_runtime": 5003.148242235184, "_step": 499900, "_wandb": {"runtime": 5003}}