{"p_in_loss": 1.1723202852920167e-08, "p_out_loss": 1.3661308528867266e-08, "rc_loss": 3.846180334221572e-06, "ru_loss": 0.008184263482689857, "rv_loss": 0.0008564551826566458, "u_noslip_loss": 6.526411766571982e-08, "v_in_loss": 8.204822377066989e-10, "v_noslip_loss": 2.2548888978235482e-08, "v_out_loss": 2.50437309778917e-10, "p_in_weight": 3475.41064453125, "p_out_weight": 3298.33154296875, "rc_weight": 312.3982849121094, "ru_weight": 0.14859235286712646, "rv_weight": 0.46986132860183716, "u_noslip_weight": 37469.64453125, "v_in_weight": 65083.0078125, "v_noslip_weight": 73566.140625, "v_out_weight": 81785.7734375, "u_error": 0.9983274340629578, "v_error": 0.9989521503448486, "_timestamp": 1715890308.10074, "_runtime": 247.3425419330597, "_step": 99900, "_wandb": {"runtime": 247}}