{"p_in_loss": 0.00012592865095939487, "p_out_loss": 1.322904674694314e-09, "rc_loss": 1.616409281268716e-05, "ru_loss": 0.018285615369677544, "rv_loss": 0.008080019615590572, "u_noslip_loss": 8.470063221466262e-06, "v_in_loss": 4.461335265659727e-07, "v_noslip_loss": 6.707523425575346e-06, "v_out_loss": 6.709800076665218e-11, "p_in_weight": 103.60816192626953, "p_out_weight": 54997.83984375, "rc_weight": 199.13699340820312, "ru_weight": 0.22988185286521912, "rv_weight": 0.2161581665277481, "u_noslip_weight": 4136.4365234375, "v_in_weight": 598.191162109375, "v_noslip_weight": 3255.37353515625, "v_out_weight": 213193.140625, "u_error": 0.9983193278312683, "v_error": 0.9992088079452515, "_timestamp": 1715964804.513209, "_runtime": 1737.3070631027222, "_step": 99900, "_wandb": {"runtime": 1738}}