{"p_ic_loss": 0.04916248098015785, "p_in_loss": 2.140479803085327, "p_out_loss": 0.03709038347005844, "rc_loss": 0.010317487642168999, "rs_loss": 0.0073710219003260136, "ru_loss": 0.0559474416077137, "rv_loss": 0.04110302776098251, "s_ic_loss": 0.002045978792011738, "s_in_loss": 0.17350995540618896, "u_ic_loss": 0.0018737122882157564, "u_noslip_loss": 0.03212185204029083, "v_ic_loss": 0.0005549707566387951, "v_in_loss": 0.0010465355589985847, "v_noslip_loss": 0.0009215223253704607, "v_out_loss": 0.0002629735681694001, "p_ic_weight": 0.8721405863761902, "p_in_weight": 0.8387987613677979, "p_out_weight": 1.0859166383743286, "rc_weight": 4.102104187011719, "rs_weight": 3.556485891342163, "ru_weight": 4.0796895027160645, "rv_weight": 2.5110175609588623, "s_ic_weight": 2.497929096221924, "s_in_weight": 1.3233907222747803, "u_ic_weight": 2.1360127925872803, "u_noslip_weight": 1.6858189105987549, "v_ic_weight": 1.8124254941940308, "v_in_weight": 2.1340720653533936, "v_noslip_weight": 3.415388584136963, "v_out_weight": 1.9492262601852417, "cas_weight": 0.13569390773773193, "_timestamp": 1717772106.7048004, "_runtime": 76.67219829559326, "_step": 1900, "_wandb": {"runtime": 76}}