{"p_in_loss": 0.020853890106081963, "p_out_loss": 0.02304733358323574, "rc_loss": 0.33053237199783325, "ru_loss": 161394.8125, "rv_loss": 15516.0078125, "u_noslip_loss": 0.0012587328674271703, "v_in_loss": 2.2721131244907156e-05, "v_noslip_loss": 0.0003860384749714285, "v_out_loss": 5.439939195639454e-05, "p_in_weight": 1988974.5, "p_out_weight": 2026677.0, "rc_weight": 8673.4677734375, "ru_weight": 0.9217861294746399, "rv_weight": 0.922676146030426, "u_noslip_weight": 2476678.5, "v_in_weight": 2493695.5, "v_noslip_weight": 2576573.25, "v_out_weight": 2481954.5, "u_error": 0.8411843776702881, "v_error": 0.9518369436264038, "_timestamp": 1718054930.6434307, "_runtime": 30.921961784362793, "_step": 800, "_wandb": {"runtime": 30}}