{"p_in_loss": 7.381398159367336e-09, "p_out_loss": 3.8541436708783294e-09, "rc_loss": 6.716938116824167e-08, "ru_loss": 2.620750092319213e-05, "rv_loss": 1.1096239177277312e-05, "u_noslip_loss": 1.959905603143852e-06, "v_in_loss": 5.140754488763832e-09, "v_noslip_loss": 3.6893868582410505e-07, "v_out_loss": 5.490389920481675e-09, "p_in_weight": 10.11462688446045, "p_out_weight": 10.097123146057129, "rc_weight": 84.81571960449219, "ru_weight": 0.20585979521274567, "rv_weight": 0.2679539918899536, "u_noslip_weight": 18.836517333984375, "v_in_weight": 21.630340576171875, "v_noslip_weight": 21.94414520263672, "v_out_weight": 21.614118576049805, "u_error": 0.9970577359199524, "v_error": 0.9972209930419922, "_timestamp": 1715950708.1525795, "_runtime": 1610.3690104484558, "_step": 199900, "_wandb": {"runtime": 1610}}