{"p_in_loss": 0.0064441668801009655, "p_out_loss": 1.5422188880620524e-05, "rc_loss": 2.5478360839770176e-05, "ru_loss": 0.5535478591918945, "rv_loss": 0.02829737588763237, "u_noslip_loss": 0.0004830825491808355, "v_noslip_loss": 6.209358252817765e-05, "v_out_loss": 8.031137213038164e-07, "p_in_weight": 26.574810028076172, "p_out_weight": 396.9918518066406, "rc_weight": 373.4385986328125, "ru_weight": 0.15605194866657257, "rv_weight": 0.6948285102844238, "u_noslip_weight": 116.24905395507812, "v_noslip_weight": 427.1654052734375, "v_out_weight": 589.5624389648438, "u_error": 68.64116668701172, "v_error": 70.21295928955078, "_timestamp": 1715795733.9222696, "_runtime": 183.63572549819946, "_step": 99900, "_wandb": {"runtime": 183}}