{"p_in_loss": 4.047597368384004e-09, "p_out_loss": 4.206957449071069e-09, "rc_loss": 0.0448555164039135, "ru_loss": 556117.4375, "rv_loss": 566316.75, "u_noslip_loss": 2.030803747388177e-09, "v_in_loss": 4.991587698732758e-10, "v_noslip_loss": 4.126002650650662e-09, "v_out_loss": 1.0599918859321988e-10, "p_in_weight": 10904108269568.0, "p_out_weight": 11129458786304.0, "rc_weight": 6462904.0, "ru_weight": 0.23497939109802246, "rv_weight": 0.22127151489257812, "u_noslip_weight": 70429318316032.0, "v_in_weight": 98790212108288.0, "v_noslip_weight": 61629450420224.0, "v_out_weight": 163653974228992.0, "u_error": 0.9886384606361389, "v_error": 0.9909974932670593, "_timestamp": 1715800414.0350723, "_runtime": 184.4679093360901, "_step": 99900, "_wandb": {"runtime": 183}}