{"p_in_loss": 0.01937136799097061, "p_out_loss": 0.015551525168120861, "rc_loss": 0.40322715044021606, "ru_loss": 164264.625, "rv_loss": 15060.4423828125, "u_noslip_loss": 0.001822749967686832, "v_in_loss": 3.660957372630946e-05, "v_noslip_loss": 0.00044020742643624544, "v_out_loss": 4.178228118689731e-05, "p_in_weight": 2105138.0, "p_out_weight": 2172839.0, "rc_weight": 8159.04150390625, "ru_weight": 0.9215916991233826, "rv_weight": 0.9228907227516174, "u_noslip_weight": 2514185.25, "v_in_weight": 2340270.25, "v_noslip_weight": 2365654.0, "v_out_weight": 2528702.5, "u_error": 0.825400173664093, "v_error": 0.9726026058197021, "_timestamp": 1718054867.9324732, "_runtime": 29.165489196777344, "_step": 900, "_wandb": {"runtime": 29}}