{"p_in_loss": 5.318474194382361e-08, "p_out_loss": 3.248750601869688e-08, "rc_loss": 3.252795522712404e-06, "rs_loss": 0.001577700604684651, "ru_loss": 0.021110929548740387, "rv_loss": 0.0019170243758708239, "s_ic_loss": 0.0006930892704986036, "s_in_loss": 1.1671068023133557e-05, "u_noslip_loss": 2.5888957111419586e-07, "v_in_loss": 3.2557787577047748e-09, "v_noslip_loss": 6.433002575079172e-09, "v_out_loss": 3.6736464981146355e-09, "p_in_weight": 924.3097534179688, "p_out_weight": 957.90380859375, "rc_weight": 328.0493469238281, "rs_weight": 2.320265054702759, "ru_weight": 0.17143502831459045, "rv_weight": 1.5155049562454224, "s_ic_weight": 7.214162349700928, "s_in_weight": 96.83460998535156, "u_noslip_weight": 1080.57373046875, "v_in_weight": 13586.1171875, "v_noslip_weight": 24269.482421875, "v_out_weight": 18311.310546875, "cas_weight": 0.7289098501205444, "_timestamp": 1718031522.6443205, "_runtime": 1644.7373983860016, "_step": 99900, "_wandb": {"runtime": 1645}}