{"p_ic_loss": 0.0004047878901474178, "p_in_loss": 6.636416856053984e-07, "p_out_loss": 2.935474185505882e-05, "rc_loss": 6.109106470830739e-05, "rs_loss": 0.00011179388093296438, "ru_loss": 0.00033050269121304154, "rv_loss": 3.6876899685012177e-06, "s_ic_loss": 4.828534656553529e-06, "s_in_loss": 1.9305613818687561e-07, "u_ic_loss": 8.107992471195757e-06, "u_noslip_loss": 6.618427505600266e-06, "v_ic_loss": 2.192886761065438e-09, "v_in_loss": 3.491488695384071e-11, "v_noslip_loss": 1.6778256561877924e-10, "v_out_loss": 1.0462762600749187e-10, "p_ic_weight": 0.8888431191444397, "p_in_weight": 4.461853504180908, "p_out_weight": 4.390299320220947, "rc_weight": 1.310221791267395, "rs_weight": 0.5917357802391052, "ru_weight": 0.20796628296375275, "rv_weight": 39.25647735595703, "s_ic_weight": 7.3407745361328125, "s_in_weight": 25.62454605102539, "u_ic_weight": 4.203830718994141, "u_noslip_weight": 4.622183322906494, "v_ic_weight": 14110.234375, "v_in_weight": 166771.703125, "v_noslip_weight": 68194.1484375, "v_out_weight": 81846.125, "cas_weight": 0.9949136972427368, "_timestamp": 1717787497.4673266, "_runtime": 1722.5381467342377, "_step": 99900, "_wandb": {"runtime": 1723}}