{"p_in_loss": 1.1070419958514321e-07, "p_out_loss": 8.74970425002175e-08, "rc_loss": 0.03042442351579666, "ru_loss": 7151.2861328125, "rv_loss": 3221.60205078125, "u_noslip_loss": 0.0001539493096061051, "v_in_loss": 4.3524565285224526e-08, "v_noslip_loss": 6.811781349824741e-05, "v_out_loss": 5.0574200827213645e-08, "p_in_weight": 48277016.0, "p_out_weight": 56416316.0, "rc_weight": 27419.37890625, "ru_weight": 0.23440314829349518, "rv_weight": 0.21138694882392883, "u_noslip_weight": 23356476.0, "v_in_weight": 36264668.0, "v_noslip_weight": 28892476.0, "v_out_weight": 33703036.0, "u_error": 0.4455360174179077, "v_error": 0.5057762265205383, "_timestamp": 1718119111.590535, "_runtime": 4095.2594408988953, "_step": 499900, "_wandb": {"runtime": 4095}}