{"p_ic_loss": 7.677868779865094e-06, "p_in_loss": 2.1616959600123664e-07, "p_out_loss": 1.4019504135376337e-07, "rc_loss": 1.4301238479674794e-05, "rs_loss": 6.702971586491913e-05, "ru_loss": 0.008896194398403168, "rv_loss": 6.991825648583472e-05, "s_ic_loss": 0.0015656901523470879, "s_in_loss": 0.0001595651265233755, "u_ic_loss": 1.1164054569690052e-07, "u_noslip_loss": 1.8358431361775729e-06, "v_ic_loss": 5.8551563597575296e-09, "v_in_loss": 3.2019369378133433e-09, "v_noslip_loss": 3.5982505863785264e-08, "v_out_loss": 1.83463222391822e-09, "p_ic_weight": 18.08836555480957, "p_in_weight": 93.09835052490234, "p_out_weight": 146.30221557617188, "rc_weight": 16.893613815307617, "rs_weight": 0.7458859086036682, "ru_weight": 0.12461268901824951, "rv_weight": 1.2300134897232056, "s_ic_weight": 0.7749305963516235, "s_in_weight": 1.7217389345169067, "u_ic_weight": 203.0304412841797, "u_noslip_weight": 118.7916488647461, "v_ic_weight": 1350.010498046875, "v_in_weight": 5065.8115234375, "v_noslip_weight": 1058.9595947265625, "v_out_weight": 4181.36865234375, "cas_weight": 0.8768805861473083, "_timestamp": 1717769004.3521657, "_runtime": 4332.705083608627, "_step": 99900, "_wandb": {"runtime": 4336}}