{"p_in_loss": 3.50677510141395e-05, "p_out_loss": 4.765926860272884e-06, "rc_loss": 0.00210284860804677, "ru_loss": 0.006892455741763115, "rv_loss": 0.006104250438511372, "u_noslip_loss": 9.386548299517017e-06, "v_noslip_loss": 1.1619053111644462e-05, "p_in_weight": 2.6265833377838135, "p_out_weight": 21.14467430114746, "rc_weight": 1.2124667167663574, "ru_weight": 0.8845731616020203, "rv_weight": 0.8698968291282654, "u_noslip_weight": 48.609928131103516, "v_noslip_weight": 44.30432891845703, "u_error": 0.7465056777000427, "v_error": 0.7539218664169312, "_timestamp": 1715696844.3908112, "_runtime": 269.86740732192993, "_step": 1600, "_wandb": {"runtime": 278}}