{"p_in_loss": 0.01478448323905468, "p_out_loss": 0.008786969818174839, "rc_loss": 0.3013709485530853, "ru_loss": 111113.6171875, "rv_loss": 14968.7978515625, "u_noslip_loss": 0.004792408552020788, "v_in_loss": 3.8800862967036664e-05, "v_noslip_loss": 0.001404198701493442, "v_out_loss": 6.571112317033112e-05, "p_in_weight": 2069067.5, "p_out_weight": 1976022.375, "rc_weight": 16686.0546875, "ru_weight": 0.8508769869804382, "rv_weight": 0.8542059063911438, "u_noslip_weight": 3210567.25, "v_in_weight": 3151272.75, "v_noslip_weight": 3025895.75, "v_out_weight": 3045638.75, "u_error": 0.797359049320221, "v_error": 1.0460095405578613, "_timestamp": 1716575101.658425, "_runtime": 1405.1771230697632, "_step": 1800}