{"p_in_loss": 0.31741151213645935, "p_out_loss": 0.00020842689264100045, "rc_loss": 0.3788389563560486, "ru_loss": 46.00910949707031, "rv_loss": 16.75640869140625, "u_noslip_loss": 0.43271464109420776, "v_in_loss": 0.035312555730342865, "v_noslip_loss": 0.05286339297890663, "v_out_loss": 4.578839707392035e-06, "p_in_weight": 14.275139808654785, "p_out_weight": 1174.10791015625, "rc_weight": 25.892763137817383, "ru_weight": 0.5725706815719604, "rv_weight": 0.6694360375404358, "u_noslip_weight": 109.2191162109375, "v_in_weight": 31.00009536743164, "v_noslip_weight": 87.06422424316406, "v_out_weight": 47195.3046875, "u_error": 0.9992305636405945, "v_error": 0.9977409243583679, "_timestamp": 1715968715.1669512, "_runtime": 138.64880919456482, "_step": 6700, "_wandb": {"runtime": 138}}