{"p_in_loss": 9.54607148884179e-09, "p_out_loss": 2.4297388989680258e-08, "rc_loss": 8.397285455430392e-06, "rs_loss": 0.00014386048133019358, "ru_loss": 0.0003718390944413841, "rv_loss": 3.733857738552615e-05, "s_ic_loss": 9.876415788312443e-06, "s_in_loss": 3.2073984357339214e-07, "u_noslip_loss": 1.1246559239452836e-07, "v_in_loss": 7.262708123789707e-08, "v_noslip_loss": 1.6455838647289056e-07, "v_out_loss": 1.948823467046168e-07, "p_in_weight": 449.84686279296875, "p_out_weight": 83.51013946533203, "rc_weight": 6.253572940826416, "rs_weight": 1.0167758464813232, "ru_weight": 0.41716474294662476, "rv_weight": 0.958145022392273, "s_ic_weight": 21.8906307220459, "s_in_weight": 93.1544418334961, "u_noslip_weight": 27.151609420776367, "v_in_weight": 67.5552978515625, "v_noslip_weight": 98.17317199707031, "v_out_weight": 289.6373596191406, "cas_weight": 0.9944683909416199, "_timestamp": 1718023832.9311316, "_runtime": 876.122353553772, "_step": 49900, "_wandb": {"runtime": 876}}