{"p_in_loss": 1.0540308721829206e-05, "p_out_loss": 6.384861626429483e-05, "rc_loss": 0.0009443882154300809, "ru_loss": 0.08168022334575653, "rv_loss": 0.04390852525830269, "u_noslip_loss": 8.888654519978445e-06, "v_in_loss": 7.105684744601604e-06, "v_noslip_loss": 8.777962648309767e-06, "v_out_loss": 2.0185975699860137e-06, "p_in_weight": 2221.1103515625, "p_out_weight": 2367.961669921875, "rc_weight": 29.016817092895508, "ru_weight": 0.7874444127082825, "rv_weight": 0.7915515899658203, "u_noslip_weight": 3514.6875, "v_in_weight": 3300.460205078125, "v_noslip_weight": 3479.880615234375, "v_out_weight": 3701.264892578125, "u_error": 0.9953529834747314, "v_error": 1.0078786611557007, "_timestamp": 1715894569.0585332, "_runtime": 30.381681203842163, "_step": 2500, "_wandb": {"runtime": 30}}