{"p_in_loss": 2.244818944063809e-07, "p_out_loss": 9.771395248492354e-09, "rc_loss": 0.010080628097057343, "ru_loss": 581.159423828125, "rv_loss": 402.6737060546875, "u_noslip_loss": 0.00018846930470317602, "v_in_loss": 2.479737304383889e-08, "v_noslip_loss": 7.882738282205537e-05, "v_out_loss": 4.6571404510586945e-09, "p_in_weight": 7989274.5, "p_out_weight": 42346384.0, "rc_weight": 11494.6572265625, "ru_weight": 0.23072224855422974, "rv_weight": 0.21458737552165985, "u_noslip_weight": 5454991.0, "v_in_weight": 5344516.0, "v_noslip_weight": 7144334.0, "v_out_weight": 26387074.0, "u_error": 0.39768293499946594, "v_error": 0.4484153985977173, "_timestamp": 1716830973.1737516, "_runtime": 2215.5500576496124, "_step": 149900, "_wandb": {"runtime": 2216}}