{"p_in_loss": 1.9120886207701915e-08, "p_out_loss": 1.125650062050454e-08, "rc_loss": 1.8026941688731313e-05, "ru_loss": 0.003436577972024679, "rv_loss": 0.003656724002212286, "u_noslip_loss": 0.0002073359355563298, "v_noslip_loss": 2.6488391085877083e-05, "v_out_loss": 1.2841954344366968e-07, "p_in_weight": 3626.44580078125, "p_out_weight": 4712.46875, "rc_weight": 54.48909378051758, "ru_weight": 0.3049812316894531, "rv_weight": 0.22954636812210083, "u_noslip_weight": 50.31255340576172, "v_noslip_weight": 208.39859008789062, "v_out_weight": 380.42449951171875, "u_error": 82.7608413696289, "v_error": 93.65734100341797, "_timestamp": 1715797512.6432078, "_runtime": 190.4164707660675, "_step": 99900, "_wandb": {"runtime": 190}}