{"p_in_loss": 2.530016551816061e-08, "p_out_loss": 8.275982565919549e-09, "rc_loss": 1.762717147357762e-05, "ru_loss": 0.003342423355206847, "rv_loss": 0.004319680854678154, "u_noslip_loss": 0.0004157112562097609, "v_noslip_loss": 7.232490315800533e-05, "v_out_loss": 1.1944253230922186e-07, "p_in_weight": 3970.5126953125, "p_out_weight": 3407.130126953125, "rc_weight": 54.0167236328125, "ru_weight": 0.32742565870285034, "rv_weight": 0.21233561635017395, "u_noslip_weight": 44.63865661621094, "v_noslip_weight": 240.87530517578125, "v_out_weight": 329.63616943359375, "u_error": 83.52098083496094, "v_error": 93.73463439941406, "_timestamp": 1715797715.1041067, "_runtime": 182.80075073242188, "_step": 99900, "_wandb": {"runtime": 182}}