{"p_in_loss": 1.415110801872288e-07, "p_out_loss": 3.8729218942989974e-08, "rc_loss": 5.7668794397613965e-06, "rs_loss": 0.0038146532606333494, "ru_loss": 0.00023632582451682538, "rv_loss": 3.965702126151882e-05, "s_ic_loss": 1.8739349343377398e-06, "s_in_loss": 2.8617798761843005e-06, "u_noslip_loss": 0.0001322588650509715, "v_in_loss": 6.857019396733222e-10, "v_noslip_loss": 4.91455978135491e-08, "v_out_loss": 1.2163901885742234e-08, "p_in_weight": 84.82199096679688, "p_out_weight": 64.70073699951172, "rc_weight": 17.828351974487305, "rs_weight": 0.6801005601882935, "ru_weight": 0.46888434886932373, "rv_weight": 3.963153600692749, "s_ic_weight": 32.46691131591797, "s_in_weight": 22.971548080444336, "u_noslip_weight": 16.9454345703125, "v_in_weight": 4903.576171875, "v_noslip_weight": 3032.66943359375, "v_out_weight": 7749.4052734375, "cas_weight": 0.941451370716095, "_timestamp": 1717791389.0752242, "_runtime": 843.084233045578, "_step": 49900, "_wandb": {"runtime": 844}}