{"p_in_loss": 6.256939741433598e-06, "p_out_loss": 3.756825890377513e-06, "rc_loss": 0.005226048640906811, "ru_loss": 110931.296875, "rv_loss": 48669.8046875, "u_noslip_loss": 9.04138960322598e-06, "v_in_loss": 1.924369819050753e-08, "v_noslip_loss": 1.7001035530483932e-06, "v_out_loss": 1.0415350359949116e-08, "p_in_weight": 29675164.0, "p_out_weight": 34186500.0, "rc_weight": 977587.1875, "ru_weight": 0.2887699604034424, "rv_weight": 0.1807519644498825, "u_noslip_weight": 490484096.0, "v_in_weight": 2239733248.0, "v_noslip_weight": 2035880832.0, "v_out_weight": 2295938048.0, "u_error": 0.818467378616333, "v_error": 0.8450756669044495, "_timestamp": 1718049362.5680413, "_runtime": 7264.733955383301, "_step": 799900, "_wandb": {"runtime": 7265}}