{"rc_loss": 0.019119806587696075, "ru_loss": 0.0039362176321446896, "rv_loss": 0.019590847194194794, "u_in_loss": 0.6804870367050171, "u_noslip_loss": 0.021629543974995613, "u_out_loss": 0.00274810497649014, "v_in_loss": 0.002530417637899518, "v_noslip_loss": 0.003801927901804447, "v_out_loss": 0.000842661305796355, "rc_weight": 1.1260908842086792, "ru_weight": 2.27126145362854, "rv_weight": 1.1386817693710327, "u_in_weight": 0.9152855277061462, "u_noslip_weight": 1.028563141822815, "u_out_weight": 1.2906086444854736, "v_in_weight": 1.3827571868896484, "v_noslip_weight": 1.362581729888916, "v_out_weight": 2.4032552242279053, "u_error": 0.920293927192688, "v_error": 1.1011649370193481, "_timestamp": 1715276680.9998252, "_runtime": 25.730778217315674, "_step": 0}