{"p_in_loss": 8.10966594144702e-06, "p_out_loss": 0.0002523847797419876, "rc_loss": 0.001476337551139295, "rs_loss": 7.07070212229155e-05, "ru_loss": 0.08226527273654938, "rv_loss": 0.0007635604706592858, "s_ic_loss": 0.0066811637952923775, "s_in_loss": 2.341755862289574e-05, "u_noslip_loss": 2.5266504962928593e-05, "v_in_loss": 1.9936450712521037e-07, "v_noslip_loss": 7.145314384615631e-07, "v_out_loss": 5.782165857226573e-08, "p_in_weight": 9.676700592041016, "p_out_weight": 3.213148832321167, "rc_weight": 1.6330538988113403, "rs_weight": 4.423850059509277, "ru_weight": 0.4414258599281311, "rv_weight": 4.760573387145996, "s_ic_weight": 0.9694993495941162, "s_in_weight": 13.438126564025879, "u_noslip_weight": 3.7519989013671875, "v_in_weight": 76.7192611694336, "v_noslip_weight": 33.81602096557617, "v_out_weight": 561.6021728515625, "cas_weight": 4.8554524255450815e-05, "_timestamp": 1718025693.732457, "_runtime": 878.2766678333282, "_step": 49900, "_wandb": {"runtime": 878}}