{"p_in_loss": 9.80404823991421e-09, "p_out_loss": 6.009300168585696e-09, "rc_loss": 1.4994618595665088e-06, "ru_loss": 0.0012624391820281744, "rv_loss": 0.0007278124103322625, "u_noslip_loss": 5.5747094052094326e-08, "v_in_loss": 5.978801898010033e-10, "v_noslip_loss": 3.260575809349575e-08, "v_out_loss": 8.858588862459271e-10, "p_in_weight": 5413.07373046875, "p_out_weight": 6466.00732421875, "rc_weight": 277.45086669921875, "ru_weight": 0.2721678614616394, "rv_weight": 0.18795043230056763, "u_noslip_weight": 21312.369140625, "v_in_weight": 11472.296875, "v_noslip_weight": 15840.3076171875, "v_out_weight": 13994.2373046875, "u_error": 0.9983133673667908, "v_error": 0.9990020990371704, "_timestamp": 1715894149.37989, "_runtime": 345.78711199760437, "_step": 99900, "_wandb": {"runtime": 345}}