{"p_in_loss": 1.8230251441764267e-07, "p_out_loss": 1.196129915115307e-07, "rc_loss": 0.04421921819448471, "ru_loss": 9586.306640625, "rv_loss": 3757.80419921875, "u_noslip_loss": 0.0001997595391003415, "v_in_loss": 6.634311233710832e-08, "v_noslip_loss": 0.00011694624117808416, "v_out_loss": 6.435755750544558e-08, "p_in_weight": 40093052.0, "p_out_weight": 47543500.0, "rc_weight": 17323.890625, "ru_weight": 0.19967828691005707, "rv_weight": 0.25105515122413635, "u_noslip_weight": 17385464.0, "v_in_weight": 24098816.0, "v_noslip_weight": 16582757.0, "v_out_weight": 20781212.0, "u_error": 0.5394893884658813, "v_error": 0.5640544295310974, "_timestamp": 1718126375.7036004, "_runtime": 4092.6542093753815, "_step": 499900, "_wandb": {"runtime": 4092}}