{"p_in_loss": 7.3457999860693235e-06, "p_out_loss": 7.587118034280138e-06, "rc_loss": 0.004453442059457302, "ru_loss": 422.5365905761719, "rv_loss": 302.27069091796875, "u_noslip_loss": 0.00040362533763982356, "v_in_loss": 2.099875928252004e-06, "v_noslip_loss": 0.00024538516299799085, "v_out_loss": 7.132529162845458e-07, "p_in_weight": 900083.375, "p_out_weight": 908965.375, "rc_weight": 28988.189453125, "ru_weight": 0.27751919627189636, "rv_weight": 0.18756115436553955, "u_noslip_weight": 1329833.0, "v_in_weight": 1366458.375, "v_noslip_weight": 1354084.625, "v_out_weight": 1373808.375, "u_error": 0.45868727564811707, "v_error": 0.517074465751648, "_timestamp": 1716207112.5138495, "_runtime": 731.4657216072083, "_step": 59000}