{"p_in_loss": 0.045747607946395874, "p_out_loss": 0.043473709374666214, "rc_loss": 0.06988874077796936, "ru_loss": 152926.75, "rv_loss": 5842.12890625, "u_noslip_loss": 0.00017560798733029515, "v_in_loss": 5.7198860304197297e-05, "v_noslip_loss": 0.00013823024346493185, "v_out_loss": 5.6588647566968575e-05, "p_in_weight": 1412782.0, "p_out_weight": 1391321.125, "rc_weight": 12817.701171875, "ru_weight": 0.9198189973831177, "rv_weight": 0.925288736820221, "u_noslip_weight": 2507417.0, "v_in_weight": 2463417.0, "v_noslip_weight": 2364484.0, "v_out_weight": 2270884.0, "u_error": 1.0126065015792847, "v_error": 1.023632526397705, "_timestamp": 1716212446.9369352, "_runtime": 122.31590008735657, "_step": 100}