{"p_in_loss": 0.02257402427494526, "p_out_loss": 0.02052941359579563, "rc_loss": 0.4329409897327423, "ru_loss": 180725.0625, "rv_loss": 14611.671875, "u_noslip_loss": 0.0011490127071738243, "v_in_loss": 4.248413461027667e-05, "v_noslip_loss": 0.0004630867042578757, "v_out_loss": 3.424783062655479e-05, "p_in_weight": 2051053.625, "p_out_weight": 2038438.0, "rc_weight": 6750.3359375, "ru_weight": 0.9216840863227844, "rv_weight": 0.9227877855300903, "u_noslip_weight": 1986472.375, "v_in_weight": 1907466.5, "v_noslip_weight": 1892876.875, "v_out_weight": 1916786.5, "u_error": 0.8647438883781433, "v_error": 0.9692894220352173, "_timestamp": 1718055045.2505841, "_runtime": 25.80945920944214, "_step": 400, "_wandb": {"runtime": 25}}