{"p_ic_loss": 0.42938464879989624, "p_in_loss": 4.2188476072624326e-05, "p_out_loss": 2.8839390324719716e-06, "rc_loss": 0.00011260048631811514, "rs_loss": 2.6952488951792475e-06, "ru_loss": 1.8674640159588307e-05, "rv_loss": 5.726761855839868e-07, "s_ic_loss": 0.0038209627382457256, "s_in_loss": 6.516958819702268e-06, "u_ic_loss": 0.7042654752731323, "u_noslip_loss": 2.83010077595236e-08, "v_ic_loss": 8.47572323436907e-09, "v_in_loss": 6.542930197639407e-09, "v_noslip_loss": 6.150040476882168e-09, "v_out_loss": 7.195139595239652e-09, "p_ic_weight": 0.08600397408008575, "p_in_weight": 22.311019897460938, "p_out_weight": 32.19834899902344, "rc_weight": 81.95499420166016, "rs_weight": 48.64849090576172, "ru_weight": 107.18132781982422, "rv_weight": 179.204345703125, "s_ic_weight": 5.659945964813232, "s_in_weight": 21.045679092407227, "u_ic_weight": 0.5728294253349304, "u_noslip_weight": 11899.40234375, "v_ic_weight": 11149.08984375, "v_in_weight": 4812.54931640625, "v_noslip_weight": 3917.484375, "v_out_weight": 3621.5029296875, "cas_weight": 0.9983773231506348, "_timestamp": 1717520620.9789124, "_runtime": 1361.60422539711, "_step": 79800, "_wandb": {"runtime": 1362}}