{"p_ic_loss": 0.0005398060893639922, "p_in_loss": 7.148422810132615e-06, "p_out_loss": 1.9641698600025848e-05, "rc_loss": 9.425127791473642e-05, "rs_loss": 0.0001540803350508213, "ru_loss": 0.00016984017565846443, "rv_loss": 5.197148857405409e-05, "s_ic_loss": 0.0005109437624923885, "s_in_loss": 0.000996955088339746, "u_ic_loss": 5.166768096387386e-05, "u_noslip_loss": 9.101675095735118e-05, "v_ic_loss": 8.621565939392895e-06, "v_in_loss": 2.8090250907553127e-06, "v_noslip_loss": 6.390550424839603e-06, "v_out_loss": 2.1910600480623543e-06, "p_ic_weight": 0.5351248979568481, "p_in_weight": 3.760451316833496, "p_out_weight": 1.1441891193389893, "rc_weight": 2.378357410430908, "rs_weight": 2.073838949203491, "ru_weight": 2.5733096599578857, "rv_weight": 4.390110492706299, "s_ic_weight": 2.047602415084839, "s_in_weight": 1.1949790716171265, "u_ic_weight": 4.54542350769043, "u_noslip_weight": 3.9559264183044434, "v_ic_weight": 12.514602661132812, "v_in_weight": 11.312461853027344, "v_noslip_weight": 12.910026550292969, "v_out_weight": 22.22096824645996, "cas_weight": 0.9974977374076843, "_timestamp": 1717788424.755347, "_runtime": 182.82093811035156, "_step": 8200, "_wandb": {"runtime": 182}}