{"p_in_loss": 0.2582307755947113, "p_out_loss": 0.25024789571762085, "rc_loss": 7.196135993581265e-05, "ru_loss": 1157360.0, "rv_loss": 1896771.875, "u_noslip_loss": 7.849072289900505e-07, "v_in_loss": 1.1716495329494592e-08, "v_noslip_loss": 3.23596012208327e-08, "v_out_loss": 4.377298168378729e-08, "p_in_weight": 1496684.25, "p_out_weight": 1500107.25, "rc_weight": 23673241600.0, "ru_weight": 0.7363494038581848, "rv_weight": 0.7313410043716431, "u_noslip_weight": 1612494536704.0, "v_in_weight": 1573715968000.0, "v_noslip_weight": 1504552419328.0, "v_out_weight": 1534526226432.0, "u_error": 1.0001089572906494, "v_error": 0.9999687671661377, "_timestamp": 1716202715.7500308, "_runtime": 58.27661466598511, "_step": 3400, "_wandb": {"runtime": 58}}