{"p_in_loss": 0.00011960491974605247, "p_out_loss": 0.0001143883346230723, "rc_loss": 0.05533486604690552, "ru_loss": 5617.404296875, "rv_loss": 2616.18994140625, "u_noslip_loss": 0.0015607128152623773, "v_in_loss": 9.61418936640257e-06, "v_noslip_loss": 0.0008019189699552953, "v_out_loss": 8.54443533171434e-06, "p_in_weight": 908103.375, "p_out_weight": 913659.8125, "rc_weight": 20862.57421875, "ru_weight": 0.3407728672027588, "rv_weight": 0.2592533528804779, "u_noslip_weight": 1249841.0, "v_in_weight": 1306589.75, "v_noslip_weight": 1261730.625, "v_out_weight": 1289363.0, "u_error": 0.604651927947998, "v_error": 0.7298260927200317, "_timestamp": 1716647343.394389, "_runtime": 293.6768009662628, "_step": 22400}