{"p_in_loss": 0.0174182690680027, "p_out_loss": 0.0182940736413002, "rc_loss": 0.5371701717376709, "ru_loss": 168111.703125, "rv_loss": 14363.0771484375, "u_noslip_loss": 0.002459217794239521, "v_in_loss": 4.0012633689912036e-05, "v_noslip_loss": 0.0006012211670167744, "v_out_loss": 5.121699723531492e-05, "p_in_weight": 2051053.625, "p_out_weight": 2038438.0, "rc_weight": 6750.3359375, "ru_weight": 0.9216840863227844, "rv_weight": 0.9227877855300903, "u_noslip_weight": 1986472.375, "v_in_weight": 1907466.5, "v_noslip_weight": 1892876.875, "v_out_weight": 1916786.5, "u_error": 0.8101195096969604, "v_error": 0.9368166923522949, "_timestamp": 1718055169.1979651, "_runtime": 28.28673005104065, "_step": 700, "_wandb": {"runtime": 27}}