{"p_in_loss": 4.303627232360441e-09, "p_out_loss": 5.21198584291227e-10, "rc_loss": 5.349649967456571e-08, "ru_loss": 7.766536145936698e-05, "rv_loss": 2.7725382096832618e-05, "u_noslip_loss": 2.1418530593564356e-07, "v_in_loss": 9.025740155266249e-10, "v_noslip_loss": 9.715476068095086e-08, "v_out_loss": 1.3975315349412654e-10, "p_in_weight": 164.80357360839844, "p_out_weight": 255.8137969970703, "rc_weight": 231.0749969482422, "ru_weight": 0.16921335458755493, "rv_weight": 0.3256364166736603, "u_noslip_weight": 912.4706420898438, "v_in_weight": 817.7755126953125, "v_noslip_weight": 1029.5185546875, "v_out_weight": 1071.3323974609375, "u_error": 0.9980310201644897, "v_error": 0.9982883334159851, "_timestamp": 1715897618.155456, "_runtime": 2987.8693611621857, "_step": 599900, "_wandb": {"runtime": 2987}}