{"p_ic_loss": 0.023498056456446648, "p_in_loss": 2.1082362309243763e-06, "p_out_loss": 3.923013537132647e-06, "rc_loss": 8.014519698917866e-05, "rs_loss": 9.53575290623121e-05, "ru_loss": 0.0990687906742096, "rv_loss": 0.00038328769733197987, "s_ic_loss": 9.015153068503423e-10, "s_in_loss": 0.018712595105171204, "u_ic_loss": 2.514184984647727e-07, "u_noslip_loss": 0.0001208774556289427, "v_ic_loss": 3.71061542603357e-10, "v_in_loss": 1.9188933775282635e-10, "v_noslip_loss": 1.1352462303548805e-09, "v_out_loss": 5.655077517374707e-10, "p_ic_weight": 91.30997467041016, "p_in_weight": 1127.9151611328125, "p_out_weight": 1538.3565673828125, "rc_weight": 736.7378540039062, "rs_weight": 16.829078674316406, "ru_weight": 0.434488981962204, "rv_weight": 18.340091705322266, "s_ic_weight": 123104.0, "s_in_weight": 15.6851224899292, "u_ic_weight": 19830.099609375, "u_noslip_weight": 439.3605651855469, "v_ic_weight": 967372.625, "v_in_weight": 500916.21875, "v_noslip_weight": 1098739.875, "v_out_weight": 450483.09375, "cas_weight": 0.0, "_timestamp": 1717773836.8267896, "_runtime": 1699.7374815940857, "_step": 99900, "_wandb": {"runtime": 1700}}