{"p_in_loss": 0.09725028276443481, "p_out_loss": 0.10304898023605347, "rc_loss": 0.2450323849916458, "ru_loss": 42204984.0, "rv_loss": 21289344.0, "u_noslip_loss": 6.256948381633265e-07, "v_in_loss": 6.274285988183692e-05, "v_noslip_loss": 5.4055610235081986e-05, "v_out_loss": 5.8849840570474043e-05, "p_in_weight": 8.123740667119682e+27, "p_out_weight": 8.273577223550463e+27, "rc_weight": 23502102986752.0, "ru_weight": 1.5257434844970703, "rv_weight": 0.2371969074010849, "u_noslip_weight": 2.343868448607057e+28, "v_in_weight": 2.0652634654538447e+28, "v_noslip_weight": 3.722734765184178e+27, "v_out_weight": 2.065920582749936e+28, "u_error": 0.994951069355011, "v_error": 1.0000677108764648, "_timestamp": 1716828701.8938372, "_runtime": 2225.628666162491, "_step": 124200, "_wandb": {"runtime": 2225}}