{"p_ic_loss": 0.009272546507418156, "rc_loss": 0.0002432422188576311, "ru_loss": 0.008196864277124405, "rv_loss": 0.0027643279172480106, "u_ic_loss": 0.025193726643919945, "u_in_loss": 0.00017562508583068848, "u_noslip_loss": 0.004984055180102587, "u_out_loss": 1.8773625924950466e-05, "v_ic_loss": 0.04574678838253021, "v_in_loss": 0.00020644572214223444, "v_noslip_loss": 0.003102464135736227, "v_out_loss": 2.127855651679056e-07, "p_ic_weight": 1.3722387552261353, "rc_weight": 16.02245330810547, "ru_weight": 0.8724851608276367, "rv_weight": 2.132065534591675, "u_ic_weight": 0.7709351778030396, "u_in_weight": 1.6372172832489014, "u_noslip_weight": 0.5432751178741455, "u_out_weight": 7.286141395568848, "v_ic_weight": 1.4871591329574585, "v_in_weight": 3.0563220977783203, "v_noslip_weight": 1.065915584564209, "v_out_weight": 740.2437744140625, "cas_weight": 0.8717837929725647, "_timestamp": 1716473790.5303307, "_runtime": 551.6259076595306, "_step": 11100, "_wandb": {"runtime": 551}}