{"p_in_loss": 4.4530278842103144e-07, "p_out_loss": 4.20525651634307e-07, "rc_loss": 3.580793242463554e-31, "ru_loss": 2.4636318354897846e-25, "rv_loss": 4.267365253506023e-25, "u_noslip_loss": 2.0799861832898614e-11, "v_in_loss": 3.718354183585015e-12, "v_noslip_loss": 3.718352882542408e-12, "v_out_loss": 3.718354183585015e-12, "p_in_weight": 57.196144104003906, "p_out_weight": 57.351783752441406, "rc_weight": 2.0779944691440917e+20, "ru_weight": 144720684646400.0, "rv_weight": 104167754432512.0, "u_noslip_weight": 109.56935119628906, "v_in_weight": 95.97802734375, "v_noslip_weight": 92.10940551757812, "v_out_weight": 93.9292984008789, "u_error": 0.9999603033065796, "v_error": 0.9997618198394775, "_timestamp": 1716205174.071686, "_runtime": 989.7306010723114, "_step": 99900, "_wandb": {"runtime": 990}}