{"p_in_loss": 6.103174854388271e-08, "p_out_loss": 5.204797703939334e-10, "rc_loss": 1.9519575289450586e-07, "ru_loss": 0.000691301072947681, "rv_loss": 0.00020817882614210248, "u_noslip_loss": 7.42401482511923e-08, "v_in_loss": 7.618631420180932e-11, "v_noslip_loss": 2.035823598589559e-08, "v_out_loss": 3.2457450355877215e-12, "p_in_weight": 300.25732421875, "p_out_weight": 9733.591796875, "rc_weight": 598.8387451171875, "ru_weight": 0.17686928808689117, "rv_weight": 0.33446866273880005, "u_noslip_weight": 11285.0625, "v_in_weight": 15851.45703125, "v_noslip_weight": 24420.53515625, "v_out_weight": 144760.765625, "u_error": 0.998223066329956, "v_error": 0.9989780783653259, "_timestamp": 1715892174.6707354, "_runtime": 408.2851004600525, "_step": 99900, "_wandb": {"runtime": 408}}