{"p_in_loss": 0.0017910131718963385, "p_out_loss": 0.002518415218219161, "rc_loss": 0.04085195064544678, "rs_loss": 0.0069752768613398075, "ru_loss": 0.02725662849843502, "rv_loss": 0.013123497366905212, "s_ic_loss": 0.009109153412282467, "s_in_loss": 0.0003211346920579672, "u_noslip_loss": 0.003688189433887601, "v_in_loss": 5.247558146947995e-05, "v_noslip_loss": 0.0002696072915568948, "v_out_loss": 1.6735115423216484e-05, "p_in_weight": 4.344151973724365, "p_out_weight": 2.6579833030700684, "rc_weight": 1.7429522275924683, "rs_weight": 2.434488296508789, "ru_weight": 1.939841628074646, "rv_weight": 3.5517091751098633, "s_ic_weight": 2.2832298278808594, "s_in_weight": 4.7955474853515625, "u_noslip_weight": 2.336430072784424, "v_in_weight": 17.334306716918945, "v_noslip_weight": 6.950002670288086, "v_out_weight": 20.978931427001953, "cas_weight": 0.39392343163490295, "_timestamp": 1717790197.1727858, "_runtime": 1029.2042088508606, "_step": 59200, "_wandb": {"runtime": 1029}}