{"p_ic_loss": 0.1460278481245041, "p_in_loss": 0.04721188545227051, "p_out_loss": 0.0029149064794182777, "rc_loss": 0.00291451346129179, "rs_loss": 0.0019012244883924723, "ru_loss": 0.0008355763275176287, "rv_loss": 9.1704678197857e-06, "s_ic_loss": 0.007767736911773682, "s_in_loss": 0.0003389737685211003, "u_ic_loss": 0.667188286781311, "u_noslip_loss": 0.00031602333183400333, "v_ic_loss": 1.9850140233756974e-06, "v_in_loss": 2.1078305962873856e-06, "v_noslip_loss": 1.0183957783738151e-06, "v_out_loss": 1.1568008631002158e-06, "p_ic_weight": 0.44503507018089294, "p_in_weight": 2.466212511062622, "p_out_weight": 7.812587261199951, "rc_weight": 3.918116331100464, "rs_weight": 1.800994873046875, "ru_weight": 9.933695793151855, "rv_weight": 40.78038787841797, "s_ic_weight": 3.6916229724884033, "s_in_weight": 7.970930576324463, "u_ic_weight": 0.5965353846549988, "u_noslip_weight": 12.790045738220215, "v_ic_weight": 63.79701232910156, "v_in_weight": 180.71116638183594, "v_noslip_weight": 73.11151123046875, "v_out_weight": 147.99362182617188, "cas_weight": 0.9546398520469666, "_timestamp": 1717519048.9754486, "_runtime": 210.138174533844, "_step": 9900, "_wandb": {"runtime": 211}}