{"p_in_loss": 0.0005823672981932759, "p_out_loss": 0.0003509886737447232, "rc_loss": 0.18380215764045715, "ru_loss": 0.49028337001800537, "rv_loss": 0.4044448733329773, "u_noslip_loss": 0.00022381843882612884, "v_noslip_loss": 0.00018902856390923262, "p_in_weight": 30.810596466064453, "p_out_weight": 41.37843322753906, "rc_weight": 1.272935390472412, "ru_weight": 0.9759268760681152, "rv_weight": 0.9184958934783936, "u_noslip_weight": 82.97261047363281, "v_noslip_weight": 86.56726837158203, "u_error": 0.915527880191803, "v_error": 0.996450662612915, "_timestamp": 1715712144.8634167, "_runtime": 12.499668598175049, "_step": 100, "_wandb": {"runtime": 11}}