{"p_in_loss": 4.661338337541565e-08, "p_out_loss": 5.541390013519276e-09, "rc_loss": 1.2648480378629756e-06, "ru_loss": 0.003942378796637058, "rv_loss": 0.0007851806003600359, "u_noslip_loss": 7.182396899452215e-08, "v_in_loss": 1.064717827792272e-10, "v_noslip_loss": 2.1494825475087964e-08, "v_out_loss": 4.682976575964837e-11, "p_in_weight": 1220.490478515625, "p_out_weight": 6961.5322265625, "rc_weight": 488.0493469238281, "ru_weight": 0.1624198704957962, "rv_weight": 0.36783546209335327, "u_noslip_weight": 32948.4140625, "v_in_weight": 52730.6328125, "v_noslip_weight": 63651.83984375, "v_out_weight": 87075.2265625, "u_error": 0.9982624650001526, "v_error": 0.9989768862724304, "_timestamp": 1715890768.6362224, "_runtime": 290.81535243988037, "_step": 99900, "_wandb": {"runtime": 290}}