{"p_in_loss": 3.995548336632737e-09, "p_out_loss": 4.413668541758398e-09, "rc_loss": 4.407120286487043e-07, "ru_loss": 2.638632395246532e-06, "rv_loss": 1.6209404520850512e-06, "u_noslip_loss": 2.958573608324855e-09, "v_in_loss": 4.2751627238324375e-10, "v_noslip_loss": 1.4019434502188233e-09, "v_out_loss": 2.2930757292982662e-10, "p_in_weight": 69.96395111083984, "p_out_weight": 55.81565856933594, "rc_weight": 1.3239991664886475, "ru_weight": 0.22717595100402832, "rv_weight": 0.3145875334739685, "u_noslip_weight": 52.07312774658203, "v_in_weight": 124.71489715576172, "v_noslip_weight": 59.08229064941406, "v_out_weight": 211.8651580810547, "u_error": 0.5089275240898132, "v_error": 0.520305871963501, "_timestamp": 1715860936.847627, "_runtime": 185.72737884521484, "_step": 99900, "_wandb": {"runtime": 185}}