{"ics_loss": 0.0005385271506384015, "res_loss": 0.09928859025239944, "ics_weight": 27.222475051879883, "res_weight": 0.8309870958328247, "cas_weight": 0.0, "l2_error": 1.1217541694641113, "_timestamp": 1715085438.6635365, "_runtime": 16.56825852394104, "_step": 3400, "_wandb": {"runtime": 16}}