{"p_in_loss": 9.951605534297414e-06, "p_out_loss": 3.5005628888029605e-05, "rc_loss": 0.0016960718203336, "ru_loss": 0.007524911314249039, "rv_loss": 0.012214615009725094, "u_noslip_loss": 5.087403224024456e-06, "v_noslip_loss": 8.376247933483683e-06, "p_in_weight": 54.042694091796875, "p_out_weight": 59.67986297607422, "rc_weight": 1.3137773275375366, "ru_weight": 0.6744911670684814, "rv_weight": 0.6014379262924194, "u_noslip_weight": 133.91293334960938, "v_noslip_weight": 103.66447448730469, "u_error": 0.7443631887435913, "v_error": 0.7793919444084167, "_timestamp": 1715781329.8732746, "_runtime": 27.650057554244995, "_step": 7600, "_wandb": {"runtime": 27}}