{"p_in_loss": 0.0005794151220470667, "p_out_loss": 0.0003494814154691994, "rc_loss": 0.1827642023563385, "ru_loss": 0.4878464341163635, "rv_loss": 0.4015313386917114, "u_noslip_loss": 0.0002222183538833633, "v_noslip_loss": 0.00018846399325411767, "p_in_weight": 30.80381202697754, "p_out_weight": 41.35505294799805, "rc_weight": 1.2730132341384888, "ru_weight": 0.9757207036018372, "rv_weight": 0.918507993221283, "u_noslip_weight": 82.77174377441406, "v_noslip_weight": 86.62451171875, "u_error": 0.9156180024147034, "v_error": 0.9967784285545349, "_timestamp": 1715776468.8265805, "_runtime": 12.565016508102417, "_step": 100, "_wandb": {"runtime": 11}}