{"p_ic_loss": 0.309723436832428, "p_in_loss": 0.01195081602782011, "p_out_loss": 0.004469546489417553, "rc_loss": 0.00589471310377121, "rs_loss": 0.02650461159646511, "ru_loss": 0.0060173566453158855, "rv_loss": 0.0003511082613840699, "s_ic_loss": 0.2722169756889343, "s_in_loss": 0.03327765315771103, "u_ic_loss": 0.7101538181304932, "u_noslip_loss": 0.00024841976119205356, "v_ic_loss": 7.629036554135382e-05, "v_in_loss": 1.8729095074832003e-07, "v_noslip_loss": 7.627316517755389e-05, "v_out_loss": 3.741752152564004e-06, "p_ic_weight": 0.7827540636062622, "p_in_weight": 3.8216066360473633, "p_out_weight": 4.146787643432617, "rc_weight": 3.2759766578674316, "rs_weight": 2.757058620452881, "ru_weight": 9.760754585266113, "rv_weight": 22.921268463134766, "s_ic_weight": 1.8114852905273438, "s_in_weight": 3.9746475219726562, "u_ic_weight": 0.6609586477279663, "u_noslip_weight": 5.6094489097595215, "v_ic_weight": 9.182262420654297, "v_in_weight": 17.11474609375, "v_noslip_weight": 6.950925827026367, "v_out_weight": 336.37237548828125, "cas_weight": 0.6282991170883179, "_timestamp": 1717521084.6799202, "_runtime": 152.9123113155365, "_step": 6500, "_wandb": {"runtime": 153}}