{"p_in_loss": 4.526578720742691e-07, "p_out_loss": 1.6148381973835058e-06, "rc_loss": 0.012589278630912304, "ru_loss": 3618.8271484375, "rv_loss": 2160.75, "u_noslip_loss": 0.0001485186949139461, "v_in_loss": 5.985995130686206e-07, "v_noslip_loss": 7.002604979788885e-05, "v_out_loss": 1.1383957598809502e-06, "p_in_weight": 7517182.5, "p_out_weight": 13952584.0, "rc_weight": 49426.3828125, "ru_weight": 0.24275216460227966, "rv_weight": 0.20501740276813507, "u_noslip_weight": 10179772.0, "v_in_weight": 13167175.0, "v_noslip_weight": 10874299.0, "v_out_weight": 20867682.0, "u_error": 0.37693336606025696, "v_error": 0.4035005271434784, "_timestamp": 1717607125.4480083, "_runtime": 1510.344366312027, "_step": 149300}