{"p_in_loss": 6.666561148449546e-06, "p_out_loss": 6.517650945170317e-06, "rc_loss": 0.0038489100988954306, "ru_loss": 1983.646484375, "rv_loss": 1617.779052734375, "u_noslip_loss": 0.00020783099171239883, "v_in_loss": 1.6755863896378287e-07, "v_noslip_loss": 9.588687680661678e-05, "v_out_loss": 3.2734209298723727e-07, "p_in_weight": 5094194.5, "p_out_weight": 4941683.0, "rc_weight": 108767.6640625, "ru_weight": 0.285993367433548, "rv_weight": 0.18766166269779205, "u_noslip_weight": 8845317.0, "v_in_weight": 13637817.0, "v_noslip_weight": 12680782.0, "v_out_weight": 13206368.0, "u_error": 0.3904901146888733, "v_error": 0.42980918288230896, "_timestamp": 1716206234.9666777, "_runtime": 392.7466027736664, "_step": 49900, "_wandb": {"runtime": 392}}