{"p_in_loss": 0.019259057939052582, "p_out_loss": 0.019713034853339195, "rc_loss": 0.4168837368488312, "ru_loss": 172154.75, "rv_loss": 13992.75390625, "u_noslip_loss": 0.0018236821051687002, "v_in_loss": 2.632938776514493e-05, "v_noslip_loss": 0.000568683142773807, "v_out_loss": 3.5788903915090486e-05, "p_in_weight": 2044345.75, "p_out_weight": 1964246.75, "rc_weight": 7477.2822265625, "ru_weight": 0.9215292930603027, "rv_weight": 0.9229612946510315, "u_noslip_weight": 2180644.0, "v_in_weight": 2190576.25, "v_noslip_weight": 2117454.0, "v_out_weight": 2221981.5, "u_error": 0.8348223567008972, "v_error": 0.9645529389381409, "_timestamp": 1718054967.340527, "_runtime": 26.570817947387695, "_step": 600, "_wandb": {"runtime": 26}}