{"p_ic_loss": 0.00016383746697101742, "p_in_loss": 7.575853260277654e-07, "p_out_loss": 5.287406565912534e-07, "rc_loss": 5.951253115199506e-05, "rs_loss": 0.00015718652866780758, "ru_loss": 0.0040503437630832195, "rv_loss": 0.000571689335629344, "s_ic_loss": 2.333152588107623e-05, "s_in_loss": 1.3913343082094798e-06, "u_ic_loss": 2.9594484658446163e-06, "u_noslip_loss": 5.6208362366305664e-05, "v_ic_loss": 4.6739768322368036e-07, "v_in_loss": 1.068195700781871e-07, "v_noslip_loss": 7.704218205617508e-07, "v_out_loss": 2.0485701668349066e-07, "p_ic_weight": 2.542893409729004, "p_in_weight": 623.7891845703125, "p_out_weight": 98.22920989990234, "rc_weight": 9.734393119812012, "rs_weight": 1.0423760414123535, "ru_weight": 0.18096724152565002, "rv_weight": 0.8635147213935852, "s_ic_weight": 15.592811584472656, "s_in_weight": 197.70298767089844, "u_ic_weight": 34.965816497802734, "u_noslip_weight": 22.448352813720703, "v_ic_weight": 379.8076171875, "v_in_weight": 388.3323974609375, "v_noslip_weight": 396.3237609863281, "v_out_weight": 533.2528076171875, "cas_weight": 0.9393025636672974, "_timestamp": 1717702740.090712, "_runtime": 4248.791622161865, "_step": 249900, "_wandb": {"runtime": 4249}}