{"ics_loss": 1.2681601546660204e-08, "res_loss": 0.0026322323828935623, "ics_weight": 9583.26953125, "res_weight": 0.5000401735305786, "cas_weight": 0.7031006217002869, "l2_error": 0.010447786189615726, "_timestamp": 1715005744.6625745, "_runtime": 245.46899557113647, "_step": 199900, "_wandb": {"runtime": 245}}