{"p_in_loss": 0.01887967810034752, "p_out_loss": 0.02275680936872959, "rc_loss": 0.786271333694458, "ru_loss": 159588.53125, "rv_loss": 15043.9296875, "u_noslip_loss": 0.002390631241723895, "v_in_loss": 2.9956576327094808e-05, "v_noslip_loss": 0.0005385368713177741, "v_out_loss": 4.85271739307791e-05, "p_in_weight": 2032444.0, "p_out_weight": 2007046.125, "rc_weight": 5434.5908203125, "ru_weight": 0.9217767119407654, "rv_weight": 0.9226864576339722, "u_noslip_weight": 1461865.375, "v_in_weight": 1761907.75, "v_noslip_weight": 1742998.5, "v_out_weight": 1735048.5, "u_error": 0.8242257833480835, "v_error": 0.9106682538986206, "_timestamp": 1718055007.6914687, "_runtime": 28.31504464149475, "_step": 500, "_wandb": {"runtime": 28}}