{"p_in_loss": 1.3899926543103902e-08, "p_out_loss": 3.358426781119306e-08, "rc_loss": 4.255038220435381e-06, "ru_loss": 0.0013795916456729174, "rv_loss": 0.0009816840756684542, "u_noslip_loss": 7.782538204992306e-07, "v_in_loss": 1.4200121078999928e-08, "v_noslip_loss": 4.136568350077141e-07, "v_out_loss": 4.348278181964815e-08, "p_in_weight": 1074.8526611328125, "p_out_weight": 1130.73486328125, "rc_weight": 141.13539123535156, "ru_weight": 0.28697940707206726, "rv_weight": 0.18177425861358643, "u_noslip_weight": 1486.295654296875, "v_in_weight": 749.7005004882812, "v_noslip_weight": 796.2479248046875, "v_out_weight": 797.7000122070312, "u_error": 0.9977295398712158, "v_error": 1.0007656812667847, "_timestamp": 1715955577.6006827, "_runtime": 1488.792287826538, "_step": 128600, "_wandb": {"runtime": 1489}}