{"p_in_loss": 0.000586765178013593, "p_out_loss": 0.0003544038627296686, "rc_loss": 0.18365134298801422, "ru_loss": 0.4905647039413452, "rv_loss": 0.4048004746437073, "u_noslip_loss": 0.00022326901671476662, "v_noslip_loss": 0.00019004616478923708, "p_in_weight": 30.808143615722656, "p_out_weight": 41.37612533569336, "rc_weight": 1.2729451656341553, "ru_weight": 0.9758800864219666, "rv_weight": 0.9184986352920532, "u_noslip_weight": 82.91364288330078, "v_noslip_weight": 86.6209716796875, "u_error": 0.9153650403022766, "v_error": 0.9966374635696411, "_timestamp": 1715777663.4627466, "_runtime": 12.483972549438477, "_step": 100, "_wandb": {"runtime": 11}}