{"p_in_loss": 0.008218297734856606, "p_out_loss": 4.233577044487902e-09, "rc_loss": 0.1798868626356125, "ru_loss": 188.43609619140625, "rv_loss": 80.66130828857422, "u_noslip_loss": 0.040398310869932175, "v_in_loss": 0.0013319230638444424, "v_noslip_loss": 0.015417383052408695, "v_out_loss": 2.560266443296655e-09, "p_in_weight": 298.3946533203125, "p_out_weight": 219792848.0, "rc_weight": 379.8751220703125, "ru_weight": 0.1772412806749344, "rv_weight": 0.2989714443683624, "u_noslip_weight": 5522.9833984375, "v_in_weight": 1418.6043701171875, "v_noslip_weight": 7009.74951171875, "v_out_weight": 403117088.0, "u_error": 2.009070873260498, "v_error": 2.744138240814209, "_timestamp": 1715892946.642318, "_runtime": 409.53560996055603, "_step": 99900, "_wandb": {"runtime": 409}}