{"p_in_loss": 5.287626549943525e-07, "p_out_loss": 1.9260922101693723e-07, "rc_loss": 0.00019687559688463807, "ru_loss": 0.00365365669131279, "rv_loss": 0.0005225419881753623, "u_noslip_loss": 0.00013955059694126248, "v_in_loss": 1.1583706509554759e-06, "v_noslip_loss": 3.705517315211182e-07, "v_out_loss": 8.275258096546168e-07, "p_in_weight": 102.86409759521484, "p_out_weight": 104.85186004638672, "rc_weight": 16.617387771606445, "ru_weight": 0.923841655254364, "rv_weight": 0.9208608269691467, "u_noslip_weight": 110.91336059570312, "v_in_weight": 107.74874877929688, "v_noslip_weight": 109.59073638916016, "v_out_weight": 109.34866333007812, "u_error": 1.0299675464630127, "v_error": 0.9999206066131592, "_timestamp": 1715894611.1906767, "_runtime": 30.328750610351562, "_step": 800}