{"p_in_loss": 1.1815767720690928e-05, "p_out_loss": 4.467050985113019e-06, "rc_loss": 0.0004340736195445061, "ru_loss": 158501.90625, "rv_loss": 61129.08203125, "u_noslip_loss": 1.7349499330521212e-06, "v_in_loss": 3.0442135479091803e-09, "v_noslip_loss": 4.0381576127401786e-07, "v_out_loss": 3.400347559079364e-09, "p_in_weight": 33326820.0, "p_out_weight": 51145992.0, "rc_weight": 3799222.5, "ru_weight": 0.2922094464302063, "rv_weight": 0.17965516448020935, "u_noslip_weight": 2059657600.0, "v_in_weight": 4276127488.0, "v_noslip_weight": 4064521472.0, "v_out_weight": 4436345856.0, "u_error": 0.9130003452301025, "v_error": 0.9579885601997375, "_timestamp": 1718060483.570714, "_runtime": 4095.4899299144745, "_step": 499900, "_wandb": {"runtime": 4095}}