{"p_in_loss": 1.0153486300623626e-06, "p_out_loss": 1.1339210459482274e-06, "rc_loss": 0.0006149226101115346, "ru_loss": 69.57135009765625, "rv_loss": 90.74421691894531, "u_noslip_loss": 0.0002251874830108136, "v_in_loss": 1.5044168577560413e-08, "v_noslip_loss": 0.00014147321053314954, "v_out_loss": 3.8504648358639315e-08, "p_in_weight": 1095758.75, "p_out_weight": 1101138.125, "rc_weight": 28630.244140625, "ru_weight": 0.27670738101005554, "rv_weight": 0.1858036071062088, "u_noslip_weight": 1433166.75, "v_in_weight": 1265730.25, "v_noslip_weight": 1251525.875, "v_out_weight": 1269434.0, "u_error": 0.3891112506389618, "v_error": 0.4315595328807831, "_timestamp": 1716608276.810936, "_runtime": 28261.34602189064, "_step": 1999900, "_wandb": {"runtime": 28261}}