{"p_in_loss": 0.0005852304748259485, "p_out_loss": 0.0003516918222885579, "rc_loss": 0.18362152576446533, "ru_loss": 0.4898974895477295, "rv_loss": 0.40418633818626404, "u_noslip_loss": 0.00022455777798313648, "v_noslip_loss": 0.00018988426018040627, "p_in_weight": 30.805160522460938, "p_out_weight": 41.37424087524414, "rc_weight": 1.2729264497756958, "ru_weight": 0.9758903980255127, "rv_weight": 0.9184980988502502, "u_noslip_weight": 82.92864990234375, "v_noslip_weight": 86.58472442626953, "u_error": 0.915350615978241, "v_error": 0.9957537055015564, "_timestamp": 1715711717.6967235, "_runtime": 12.36423945426941, "_step": 100, "_wandb": {"runtime": 11}}