{"p_in_loss": 0.0359218455851078, "p_out_loss": 0.03486727923154831, "rc_loss": 0.08219679445028305, "ru_loss": 149148.609375, "rv_loss": 5089.486328125, "u_noslip_loss": 0.0011295877629891038, "v_in_loss": 0.0030643593054264784, "v_noslip_loss": 0.003710365854203701, "v_out_loss": 0.004259449429810047, "p_in_weight": 1411654.75, "p_out_weight": 1390111.75, "rc_weight": 12820.2861328125, "ru_weight": 0.9198179841041565, "rv_weight": 0.9252903461456299, "u_noslip_weight": 2504408.25, "v_in_weight": 2463027.25, "v_noslip_weight": 2364235.25, "v_out_weight": 2270781.5, "u_error": 0.9109383821487427, "v_error": 1.3870457410812378, "_timestamp": 1716556152.7912576, "_runtime": 32.209733724594116, "_step": 700, "_wandb": {"runtime": 32}}