{"p_in_loss": 1.8576948832560447e-06, "p_out_loss": 1.3507487892638892e-06, "rc_loss": 0.0012408281909301877, "ru_loss": 373.20745849609375, "rv_loss": 362.7156066894531, "u_noslip_loss": 0.00013488378317561, "v_in_loss": 3.868160547426669e-08, "v_noslip_loss": 7.920560892671347e-05, "v_out_loss": 2.4192123859734238e-08, "p_in_weight": 2701385.25, "p_out_weight": 2930126.5, "rc_weight": 47874.87890625, "ru_weight": 0.27080681920051575, "rv_weight": 0.18874090909957886, "u_noslip_weight": 9186300.0, "v_in_weight": 6330600.0, "v_noslip_weight": 6297764.5, "v_out_weight": 6635398.0, "u_error": 0.35607585310935974, "v_error": 0.38084954023361206, "_timestamp": 1716813164.974748, "_runtime": 1245.8080759048462, "_step": 99900, "_wandb": {"runtime": 1246}}