{"p_in_loss": 3.387649201158638e-07, "p_out_loss": 1.5834258704217063e-07, "rc_loss": 3.813577495748177e-05, "rs_loss": 0.0009891247609630227, "ru_loss": 0.00094024115242064, "rv_loss": 7.881225610617548e-05, "s_ic_loss": 5.999997665639967e-05, "s_in_loss": 0.000652751827146858, "u_noslip_loss": 7.202818233054131e-05, "v_in_loss": 1.210374307447637e-07, "v_noslip_loss": 2.5015748406076455e-07, "v_out_loss": 9.24995333662082e-08, "p_in_weight": 62.226497650146484, "p_out_weight": 33.063167572021484, "rc_weight": 5.354806900024414, "rs_weight": 0.5555528402328491, "ru_weight": 0.7167104482650757, "rv_weight": 2.371570348739624, "s_ic_weight": 5.446418762207031, "s_in_weight": 5.164363861083984, "u_noslip_weight": 5.205205917358398, "v_in_weight": 141.18690490722656, "v_noslip_weight": 113.12801361083984, "v_out_weight": 118.83238220214844, "cas_weight": 0.9848352670669556, "_timestamp": 1718022863.299247, "_runtime": 442.8485929965973, "_step": 24900, "_wandb": {"runtime": 443}}