{"p_in_loss": 0.0012064616894349456, "p_out_loss": 0.00027806925936602056, "rc_loss": 0.25547918677330017, "ru_loss": 19365.51171875, "rv_loss": 8395.466796875, "u_noslip_loss": 0.002505282638594508, "v_in_loss": 0.00010397862206446007, "v_noslip_loss": 0.0015196172753348947, "v_out_loss": 2.305593625351321e-05, "p_in_weight": 1934534.75, "p_out_weight": 1881563.375, "rc_weight": 16521.501953125, "ru_weight": 0.48957452178001404, "rv_weight": 0.44984352588653564, "u_noslip_weight": 2551743.75, "v_in_weight": 2176547.5, "v_noslip_weight": 2058568.875, "v_out_weight": 2139041.0, "u_error": 0.6300008893013, "v_error": 0.8712133169174194, "_timestamp": 1717596530.889357, "_runtime": 130.21497011184692, "_step": 10600, "_wandb": {"runtime": 130}}