{"p_in_loss": 0.00015845440793782473, "p_out_loss": 2.4375981411139946e-06, "rc_loss": 4.503373202169314e-05, "ru_loss": 0.06115388870239258, "rv_loss": 0.022401155903935432, "u_noslip_loss": 0.0005396251799538732, "v_noslip_loss": 8.698554302100092e-05, "p_in_weight": 81.90941619873047, "p_out_weight": 921.05126953125, "rc_weight": 133.82449340820312, "ru_weight": 0.24459658563137054, "rv_weight": 0.3938705623149872, "u_noslip_weight": 16.90332794189453, "v_noslip_weight": 143.7952117919922, "u_error": 80.56653594970703, "v_error": 86.7724609375, "_timestamp": 1715793465.8678067, "_runtime": 179.35505270957947, "_step": 99900, "_wandb": {"runtime": 178}}