{"p_in_loss": 4.905276682620752e-07, "p_out_loss": 5.589172928921471e-07, "rc_loss": 0.03472249209880829, "ru_loss": 8765.232421875, "rv_loss": 3749.0146484375, "u_noslip_loss": 0.0001826565567171201, "v_in_loss": 3.3377313002347364e-07, "v_noslip_loss": 7.872532296460122e-05, "v_out_loss": 4.012294141375605e-07, "p_in_weight": 40506744.0, "p_out_weight": 48090336.0, "rc_weight": 28650.51953125, "ru_weight": 0.23701812326908112, "rv_weight": 0.20934943854808807, "u_noslip_weight": 20881992.0, "v_in_weight": 32413940.0, "v_noslip_weight": 26352410.0, "v_out_weight": 30904106.0, "u_error": 0.46007686853408813, "v_error": 0.5285342931747437, "_timestamp": 1718114603.2028453, "_runtime": 836.3939464092255, "_step": 99900, "_wandb": {"runtime": 836}}