{"p_in_loss": 4.416305898757855e-07, "p_out_loss": 2.704344979065354e-07, "rc_loss": 2.8048136729852402e-12, "ru_loss": 0.013671927154064178, "rv_loss": 0.0004434652510099113, "u_noslip_loss": 7.165733961755905e-08, "v_in_loss": 3.184215202622909e-08, "v_noslip_loss": 2.6257884755409577e-08, "v_out_loss": 2.5362410838170035e-08, "p_in_weight": 31443.73828125, "p_out_weight": 31965.681640625, "rc_weight": 112567.078125, "ru_weight": 0.20714880526065826, "rv_weight": 0.4321538805961609, "u_noslip_weight": 29393.9453125, "v_in_weight": 34650.73828125, "v_noslip_weight": 32791.296875, "v_out_weight": 34387.1171875, "u_error": 1.0001399517059326, "v_error": 0.9999985694885254, "_timestamp": 1716205836.330035, "_runtime": 337.7574439048767, "_step": 42500, "_wandb": {"runtime": 337}}