{"p_in_loss": 5.1385709021189996e-09, "p_out_loss": 9.320271221469056e-10, "rc_loss": 8.233793380441057e-08, "ru_loss": 0.0001903897791635245, "rv_loss": 5.1305818487890065e-05, "u_noslip_loss": 1.023013993517452e-07, "v_in_loss": 1.1481052220041477e-10, "v_noslip_loss": 4.925182395254524e-08, "v_out_loss": 7.41176911511765e-11, "p_in_weight": 409.75927734375, "p_out_weight": 802.170166015625, "rc_weight": 336.0306091308594, "ru_weight": 0.16316287219524384, "rv_weight": 0.3495151698589325, "u_noslip_weight": 1947.4951171875, "v_in_weight": 1739.1317138671875, "v_noslip_weight": 2177.67138671875, "v_out_weight": 2319.405517578125, "u_error": 0.9981658458709717, "v_error": 0.9989247918128967, "_timestamp": 1715893634.1892464, "_runtime": 408.31054949760437, "_step": 99900, "_wandb": {"runtime": 407}}