{"p_in_loss": 4.510642970245726e-09, "p_out_loss": 3.95993815516249e-09, "rc_loss": 3.551141389834811e-07, "ru_loss": 0.0003096511063631624, "rv_loss": 0.0001354824926238507, "u_noslip_loss": 1.0621580770475703e-07, "v_in_loss": 9.656787591794114e-10, "v_noslip_loss": 4.928258334757629e-08, "v_out_loss": 6.3738975208949e-10, "p_in_weight": 501.847412109375, "p_out_weight": 577.9147338867188, "rc_weight": 200.38287353515625, "ru_weight": 0.21769048273563385, "rv_weight": 0.22747986018657684, "u_noslip_weight": 3740.069580078125, "v_in_weight": 1984.9703369140625, "v_noslip_weight": 3797.62939453125, "v_out_weight": 2238.205322265625, "u_error": 0.9981774091720581, "v_error": 0.9985592365264893, "_timestamp": 1715948923.8871105, "_runtime": 2632.0454115867615, "_step": 599900, "_wandb": {"runtime": 2631}}