{"p_in_loss": 22.794170379638672, "p_out_loss": 20.228836059570312, "rc_loss": 0.012613406404852867, "ru_loss": 1407.109375, "rv_loss": 2973.971923828125, "u_noslip_loss": 5.272067210171372e-05, "v_in_loss": 1.3307031622389331e-05, "v_noslip_loss": 4.5135901018511504e-05, "v_out_loss": 4.3180218199267983e-05, "p_in_weight": 3.262385845184326, "p_out_weight": 3.2126519680023193, "rc_weight": 18772.37890625, "ru_weight": 0.8516559600830078, "rv_weight": 0.8558887243270874, "u_noslip_weight": 2752583.5, "v_in_weight": 2666256.0, "v_noslip_weight": 2563036.5, "v_out_weight": 2582871.5, "u_error": 0.9951764941215515, "v_error": 0.9981815814971924, "_timestamp": 1716202275.352773, "_runtime": 43.871975898742676, "_step": 1900, "_wandb": {"runtime": 43}}