{"p_in_loss": 1.4817983355897013e-06, "p_out_loss": 2.9566490411525592e-06, "rc_loss": 0.0012482928577810526, "ru_loss": 136.1307373046875, "rv_loss": 137.40707397460938, "u_noslip_loss": 0.00027865535230375826, "v_in_loss": 5.457858520685477e-08, "v_noslip_loss": 0.00016301986761391163, "v_out_loss": 8.911516147236398e-08, "p_in_weight": 1008076.0625, "p_out_weight": 1020936.0, "rc_weight": 26916.181640625, "ru_weight": 0.26396870613098145, "rv_weight": 0.19212892651557922, "u_noslip_weight": 1491477.375, "v_in_weight": 1528132.875, "v_noslip_weight": 1505958.25, "v_out_weight": 1534306.625, "u_error": 0.423642098903656, "v_error": 0.48006540536880493, "_timestamp": 1716810536.8165946, "_runtime": 1217.5216054916382, "_step": 99900, "_wandb": {"runtime": 1217}}