{"p_in_loss": 0.01372609008103609, "p_out_loss": 0.013016410171985626, "rc_loss": 1.4515589475631714, "ru_loss": 156707.9375, "rv_loss": 13380.5322265625, "u_noslip_loss": 0.005279197357594967, "v_in_loss": 0.00015969063679222018, "v_noslip_loss": 0.0010699398117139935, "v_out_loss": 0.00014759035548195243, "p_in_weight": 2152546.5, "p_out_weight": 2158233.75, "rc_weight": 3709.71435546875, "ru_weight": 0.921638011932373, "rv_weight": 0.9228389263153076, "u_noslip_weight": 1507677.875, "v_in_weight": 944842.0, "v_noslip_weight": 903521.0, "v_out_weight": 868851.5625, "u_error": 0.8359081745147705, "v_error": 1.0555464029312134, "_timestamp": 1717684965.1989348, "_runtime": 25.421480894088745, "_step": 400, "_wandb": {"runtime": 25}}