{"p_in_loss": 0.275552898645401, "p_out_loss": 0.04179362952709198, "rc_loss": 1859.9600830078125, "ru_loss": 393943973888.0, "rv_loss": 7327390367744.0, "u_noslip_loss": 0.0037097313906997442, "v_in_loss": 8.004151823115535e-06, "v_noslip_loss": 2.9523997000069357e-05, "v_out_loss": 8.318166692333762e-06, "p_in_weight": 4.084383533237391e+24, "p_out_weight": 1.5283646279745437e+25, "rc_weight": 913865244672.0, "ru_weight": 0.4318343997001648, "rv_weight": 0.8433162569999695, "u_noslip_weight": 8.896235964242136e+22, "v_in_weight": 2.802482163482866e+25, "v_noslip_weight": 3.652962612056518e+23, "v_out_weight": 3.1540639622226176e+25, "u_error": 1.170471429824829, "v_error": 1.009021282196045, "_timestamp": 1716837949.944869, "_runtime": 167.96446013450623, "_step": 10600, "_wandb": {"runtime": 168}}