{"p_in_loss": 6.034323973835853e-07, "p_out_loss": 2.1902653202232614e-07, "rc_loss": 1.5208497743774644e-15, "ru_loss": 7.72146631788928e-06, "rv_loss": 6.671475871744548e-11, "u_noslip_loss": 2.231173912292661e-09, "v_in_loss": 3.6038628081769275e-08, "v_noslip_loss": 3.7051957946232505e-08, "v_out_loss": 3.5722425906214994e-08, "p_in_weight": 555.9452514648438, "p_out_weight": 564.708740234375, "rc_weight": 702537.0625, "ru_weight": 0.16731826961040497, "rv_weight": 162.22625732421875, "u_noslip_weight": 890.6039428710938, "v_in_weight": 911.0403442382812, "v_noslip_weight": 872.0967407226562, "v_out_weight": 895.5621337890625, "u_error": 1.0000079870224, "v_error": 0.9999522566795349, "_timestamp": 1716203576.192678, "_runtime": 796.7500560283661, "_step": 79900, "_wandb": {"runtime": 797}}