{"p_ic_loss": 0.0009217188344337046, "p_in_loss": 8.686830369697418e-06, "p_out_loss": 5.510259870789014e-05, "rc_loss": 0.0001927425037138164, "rs_loss": 0.0003741399268619716, "ru_loss": 5.916719601373188e-06, "rv_loss": 1.3245162335806526e-06, "s_ic_loss": 0.0026855184696614742, "s_in_loss": 0.0009997589513659477, "u_ic_loss": 1.2795447219104972e-05, "u_noslip_loss": 1.4142186046228744e-05, "v_ic_loss": 2.4124994524754584e-05, "v_in_loss": 8.10347955848556e-06, "v_noslip_loss": 2.5088011170737445e-05, "v_out_loss": 4.515845830610488e-06, "p_ic_weight": 0.4906027913093567, "p_in_weight": 5.394890785217285, "p_out_weight": 3.8650693893432617, "rc_weight": 1.588335394859314, "rs_weight": 0.9081005454063416, "ru_weight": 26.838945388793945, "rv_weight": 58.19599151611328, "s_ic_weight": 1.1388587951660156, "s_in_weight": 0.792421817779541, "u_ic_weight": 5.109436988830566, "u_noslip_weight": 4.617097854614258, "v_ic_weight": 15.627273559570312, "v_in_weight": 21.867856979370117, "v_noslip_weight": 16.229772567749023, "v_out_weight": 23.280370712280273, "cas_weight": 0.9948018789291382, "_timestamp": 1717521428.1855888, "_runtime": 320.22056794166565, "_step": 16600, "_wandb": {"runtime": 320}}