{"p_ic_loss": null, "p_in_loss": null, "p_out_loss": null, "rc_loss": null, "rs_loss": null, "ru_loss": null, "rv_loss": null, "s_ic_loss": null, "s_in_loss": null, "u_ic_loss": null, "u_noslip_loss": null, "v_ic_loss": null, "v_in_loss": null, "v_noslip_loss": null, "v_out_loss": null, "p_ic_weight": Infinity, "p_in_weight": 0.9094422459602356, "p_out_weight": 0.9432124495506287, "rc_weight": 2.851285934448242, "rs_weight": 4.57012414932251, "ru_weight": 3.222321033477783, "rv_weight": 3.943159580230713, "s_ic_weight": 1.284928798675537, "s_in_weight": 1.1563301086425781, "u_ic_weight": 1.5247050523757935, "u_noslip_weight": 1.5288362503051758, "v_ic_weight": 1.3252673149108887, "v_in_weight": 1.274268388748169, "v_noslip_weight": 1.3302167654037476, "v_out_weight": 1.322018027305603, "cas_weight": null, "_timestamp": 1717788539.7790122, "_runtime": 42.262280225753784, "_step": 200, "_wandb": {"runtime": 42}}