{"p_in_loss": 4.2316690951338387e-07, "p_out_loss": 9.728691452437488e-08, "rc_loss": 5.652532763633644e-06, "rs_loss": 7.518857455579564e-05, "ru_loss": 0.0004035993479192257, "rv_loss": 4.7628484026063234e-05, "s_ic_loss": 4.1624294681241736e-05, "s_in_loss": 9.301479622081388e-07, "u_noslip_loss": 1.007417267828714e-06, "v_in_loss": 6.991541567913373e-09, "v_noslip_loss": 6.239401528773669e-08, "v_out_loss": 2.5936323311270826e-08, "p_in_weight": 75.69348907470703, "p_out_weight": 98.767333984375, "rc_weight": 22.102027893066406, "rs_weight": 0.8018479347229004, "ru_weight": 0.1830095499753952, "rv_weight": 2.028985023498535, "s_ic_weight": 51.83272171020508, "s_in_weight": 159.9739990234375, "u_noslip_weight": 78.35850524902344, "v_in_weight": 2804.14208984375, "v_noslip_weight": 1293.4146728515625, "v_out_weight": 1966.1448974609375, "cas_weight": 0.9938607215881348, "_timestamp": 1718028314.1958313, "_runtime": 2000.5128543376923, "_step": 119900, "_wandb": {"runtime": 2001}}