{"p_in_loss": 8.134842937579378e-05, "p_out_loss": 5.5353433708660305e-05, "rc_loss": 0.05107644945383072, "ru_loss": 0.08642293512821198, "rv_loss": 0.05228700488805771, "u_noslip_loss": 8.017252548597753e-05, "v_noslip_loss": 7.003258360782638e-05, "p_in_weight": 30.805160522460938, "p_out_weight": 41.37424087524414, "rc_weight": 1.2729264497756958, "ru_weight": 0.9758903980255127, "rv_weight": 0.9184980988502502, "u_noslip_weight": 82.92864990234375, "v_noslip_weight": 86.58472442626953, "u_error": 0.8252074122428894, "v_error": 0.8630194664001465, "_timestamp": 1715710802.7372162, "_runtime": 12.628212213516235, "_step": 400, "_wandb": {"runtime": 12}}