{"p_ic_loss": 2.804074938467238e-06, "p_in_loss": 2.015848821201871e-07, "p_out_loss": 1.483874711993849e-07, "rc_loss": 1.1444740266597364e-06, "rs_loss": 1.92473380593583e-05, "ru_loss": 8.042586614465108e-07, "rv_loss": 2.3042666441597248e-08, "s_ic_loss": 0.002235190011560917, "s_in_loss": 3.347122765262611e-05, "u_ic_loss": 1.7174187405544217e-07, "u_noslip_loss": 1.4779504908801755e-07, "v_ic_loss": 6.717398859379387e-10, "v_in_loss": 3.692916528130752e-10, "v_noslip_loss": 1.0239340486606352e-09, "v_out_loss": 1.5054003876802113e-10, "p_ic_weight": 0.6951831579208374, "p_in_weight": 6.879197597503662, "p_out_weight": 90.88555908203125, "rc_weight": 3.854238271713257, "rs_weight": 0.23257015645503998, "ru_weight": 8.390231132507324, "rv_weight": 184.83135986328125, "s_ic_weight": 0.2651194632053375, "s_in_weight": 1.0372748374938965, "u_ic_weight": 47.410308837890625, "u_noslip_weight": 55.647979736328125, "v_ic_weight": 289.64776611328125, "v_in_weight": 1435.774658203125, "v_noslip_weight": 263.9812927246094, "v_out_weight": 4434.353515625, "cas_weight": 0.9997591972351074, "_timestamp": 1717523162.1806774, "_runtime": 1692.4881052970886, "_step": 99900, "_wandb": {"runtime": 1693}}