{"ics_loss": 0.002776519628241658, "res_loss": 0.2669004201889038, "ics_weight": 27.597152709960938, "res_weight": 0.9059076309204102, "cas_weight": 0.0, "l2_error": 1.2888153791427612, "_timestamp": 1715085153.6347032, "_runtime": 13.965739250183105, "_step": 1100, "_wandb": {"runtime": 13}}