{"p_in_loss": 1.6290928215312306e-06, "p_out_loss": 1.3040616977377795e-06, "rc_loss": 0.0010787495411932468, "ru_loss": 380.04010009765625, "rv_loss": 318.2134704589844, "u_noslip_loss": 0.0001278136478504166, "v_in_loss": 8.39785752049238e-09, "v_noslip_loss": 7.352398824878037e-05, "v_out_loss": 1.133430416189185e-08, "p_in_weight": 2893316.0, "p_out_weight": 3126211.25, "rc_weight": 44964.90234375, "ru_weight": 0.26756080985069275, "rv_weight": 0.19021263718605042, "u_noslip_weight": 9631799.0, "v_in_weight": 6750878.5, "v_noslip_weight": 6666038.5, "v_out_weight": 7043475.5, "u_error": 0.3554767370223999, "v_error": 0.37810754776000977, "_timestamp": 1716823343.5448313, "_runtime": 9784.94330239296, "_step": 799900, "_wandb": {"runtime": 9785}}