{"p_in_loss": 2.2529214049882285e-08, "p_out_loss": 1.3882264227049745e-09, "rc_loss": 1.1883244042110164e-06, "ru_loss": 0.004158172756433487, "rv_loss": 0.000691209570504725, "u_noslip_loss": 5.90301176828234e-08, "v_in_loss": 1.6338937147697408e-10, "v_noslip_loss": 2.6014930654127966e-08, "v_out_loss": 2.4696562503367936e-11, "p_in_weight": 712.3316650390625, "p_out_weight": 27973.919921875, "rc_weight": 553.1729736328125, "ru_weight": 0.15547853708267212, "rv_weight": 0.44569557905197144, "u_noslip_weight": 38607.87890625, "v_in_weight": 34809.859375, "v_noslip_weight": 48943.05859375, "v_out_weight": 121998.140625, "u_error": 0.9982521533966064, "v_error": 0.9988924264907837, "_timestamp": 1715891076.761471, "_runtime": 289.6002781391144, "_step": 99900, "_wandb": {"runtime": 289}}