{"p_ic_loss": 0.024455580860376358, "p_in_loss": 5.0599497626535594e-05, "p_out_loss": 0.011687954887747765, "rc_loss": 0.0014336996246129274, "rs_loss": 0.0009669414721429348, "ru_loss": 0.0014571936335414648, "rv_loss": 0.00023147865431383252, "s_ic_loss": 0.00036498060217127204, "s_in_loss": 1.4960120097384788e-05, "u_ic_loss": 0.004648384638130665, "u_noslip_loss": 0.0264176856726408, "v_ic_loss": 0.0001828448730520904, "v_in_loss": 8.30063163448358e-06, "v_noslip_loss": 0.0009750385070219636, "v_out_loss": 1.1995380191365257e-05, "p_ic_weight": 0.705024778842926, "p_in_weight": 1.9645718336105347, "p_out_weight": 0.9173711538314819, "rc_weight": 2.662177801132202, "rs_weight": 2.643120765686035, "ru_weight": 3.5463578701019287, "rv_weight": 3.2903311252593994, "s_ic_weight": 3.0982675552368164, "s_in_weight": 2.854130744934082, "u_ic_weight": 1.2293189764022827, "u_noslip_weight": 1.314904808998108, "v_ic_weight": 3.8862338066101074, "v_in_weight": 6.378203868865967, "v_noslip_weight": 4.115473747253418, "v_out_weight": 5.910541534423828, "cas_weight": 0.9774261116981506, "_timestamp": 1717783462.8482344, "_runtime": 242.2049903869629, "_step": 9900, "_wandb": {"runtime": 243}}