{"p_in_loss": 0.05012667551636696, "p_out_loss": 1.3899946679885034e-05, "rc_loss": 1.5810794138815254e-05, "ru_loss": 2.1070938110351562, "rv_loss": 0.03338182717561722, "u_noslip_loss": 0.0002727708488237113, "v_noslip_loss": 1.2678143320954405e-05, "v_out_loss": 4.493403480410052e-07, "p_in_weight": 13.675982475280762, "p_out_weight": 861.1978759765625, "rc_weight": 828.2257690429688, "ru_weight": 0.14871448278427124, "rv_weight": 0.931434154510498, "u_noslip_weight": 248.05438232421875, "v_noslip_weight": 1920.09716796875, "v_out_weight": 2216.8583984375, "u_error": 43.05509948730469, "v_error": 39.43293762207031, "_timestamp": 1715796859.054231, "_runtime": 186.3045039176941, "_step": 99900, "_wandb": {"runtime": 185}}