{"p_in_loss": 0.670468270778656, "p_out_loss": 0.301300585269928, "rc_loss": 48.05885314941406, "ru_loss": 248.27650451660156, "rv_loss": 881.3253173828125, "u_noslip_loss": 0.11434239149093628, "v_noslip_loss": 0.16821789741516113, "p_in_weight": 30.805160522460938, "p_out_weight": 41.37424087524414, "rc_weight": 1.2729264497756958, "ru_weight": 0.9758903980255127, "rv_weight": 0.9184980988502502, "u_noslip_weight": 82.92864990234375, "v_noslip_weight": 86.58472442626953, "u_error": 1.267146348953247, "v_error": 5.617560863494873, "_timestamp": 1715779950.3779275, "_runtime": 13.115077495574951, "_step": 0}