{"p_in_loss": 8.36084055322317e-08, "p_out_loss": 4.096433769973373e-08, "rc_loss": 0.002154781250283122, "ru_loss": 3690.935791015625, "rv_loss": 1624.6273193359375, "u_noslip_loss": 4.719947537523694e-05, "v_in_loss": 2.773610008333094e-09, "v_noslip_loss": 4.1501931264065206e-05, "v_out_loss": 2.4571953360918997e-09, "p_in_weight": 42231168.0, "p_out_weight": 63581296.0, "rc_weight": 85354.3984375, "ru_weight": 0.24318157136440277, "rv_weight": 0.2049577236175537, "u_noslip_weight": 96966496.0, "v_in_weight": 37908700.0, "v_noslip_weight": 34279220.0, "v_out_weight": 56196088.0, "u_error": 0.3942474126815796, "v_error": 0.4026576578617096, "_timestamp": 1716477415.943719, "_runtime": 3498.4435608386993, "_step": 159900, "_wandb": {"runtime": 3500}}