{"p_in_loss": 2.0234062958479626e-06, "p_out_loss": 1.921179773489712e-06, "rc_loss": 0.04844248667359352, "ru_loss": 3796.561279296875, "rv_loss": 1848.0557861328125, "u_noslip_loss": 0.000910217990167439, "v_in_loss": 1.521264039183734e-07, "v_noslip_loss": 0.00038812877028249204, "v_out_loss": 9.405618328628407e-08, "p_in_weight": 6900637.5, "p_out_weight": 6902467.0, "rc_weight": 12221.1298828125, "ru_weight": 0.21484902501106262, "rv_weight": 0.23153765499591827, "u_noslip_weight": 2052978.25, "v_in_weight": 4125543.75, "v_noslip_weight": 3248277.5, "v_out_weight": 4950724.5, "u_error": 0.7059980034828186, "v_error": 0.8213157653808594, "_timestamp": 1716485628.0876448, "_runtime": 3500.320723772049, "_step": 159900, "_wandb": {"runtime": 3501}}