{"p_in_loss": 1.1285865575416665e-08, "p_out_loss": 6.8685794829548286e-09, "rc_loss": 1.4762491673536715e-07, "ru_loss": 1.263134072360117e-05, "rv_loss": 1.9894509932782967e-06, "u_noslip_loss": 2.2991077912593028e-06, "v_in_loss": 7.074173691279384e-09, "v_noslip_loss": 2.4777000362519175e-07, "v_out_loss": 3.1872020578305182e-09, "p_in_weight": 4.22324275970459, "p_out_weight": 4.1982526779174805, "rc_weight": 22.632680892944336, "ru_weight": 0.15668393671512604, "rv_weight": 0.5344504714012146, "u_noslip_weight": 9.502494812011719, "v_in_weight": 32.281497955322266, "v_noslip_weight": 33.62002182006836, "v_out_weight": 31.930055618286133, "u_error": 0.9962775707244873, "v_error": 0.9978820085525513, "_timestamp": 1715953475.3612282, "_runtime": 1765.4353063106537, "_step": 199900, "_wandb": {"runtime": 1765}}