{"p_in_loss": 1.697552853840989e-08, "p_out_loss": 2.3493054612799824e-08, "rc_loss": 3.3020469345501624e-06, "ru_loss": 0.0008193421526812017, "rv_loss": 0.0007737023988738656, "u_noslip_loss": 7.190524229372386e-07, "v_in_loss": 1.8529615175566505e-08, "v_noslip_loss": 4.029006106520683e-07, "v_out_loss": 2.8328619450235237e-08, "p_in_weight": 1146.008544921875, "p_out_weight": 1205.384765625, "rc_weight": 149.41897583007812, "ru_weight": 0.2858276665210724, "rv_weight": 0.18221548199653625, "u_noslip_weight": 1590.8115234375, "v_in_weight": 802.0357055664062, "v_noslip_weight": 851.7302856445312, "v_out_weight": 853.4182739257812, "u_error": 0.9981460571289062, "v_error": 1.0005803108215332, "_timestamp": 1715962437.736374, "_runtime": 6853.970925807953, "_step": 599900, "_wandb": {"runtime": 6854}}