{"p_in_loss": 1.096878577300231e-06, "p_out_loss": 2.21049754145497e-06, "rc_loss": 0.016474224627017975, "ru_loss": 5238.4765625, "rv_loss": 2704.471923828125, "u_noslip_loss": 0.00014934956561774015, "v_in_loss": 2.9199600248830393e-07, "v_noslip_loss": 7.755245314911008e-05, "v_out_loss": 1.3551641586673213e-06, "p_in_weight": 12842331.0, "p_out_weight": 20495826.0, "rc_weight": 57109.6796875, "ru_weight": 0.2484954446554184, "rv_weight": 0.20107142627239227, "u_noslip_weight": 14312427.0, "v_in_weight": 18676152.0, "v_noslip_weight": 15333474.0, "v_out_weight": 27046400.0, "u_error": 0.4079706072807312, "v_error": 0.4473365545272827, "_timestamp": 1717597562.0881941, "_runtime": 1016.0621922016144, "_step": 99900, "_wandb": {"runtime": 1016}}