{"p_in_loss": 0.011369016952812672, "p_out_loss": 0.01423821970820427, "rc_loss": 0.3398686945438385, "ru_loss": 139691.4375, "rv_loss": 18119.77734375, "u_noslip_loss": 0.003209006506949663, "v_in_loss": 5.481718108057976e-05, "v_noslip_loss": 0.0009554013377055526, "v_out_loss": 8.428702858509496e-05, "p_in_weight": 2069067.5, "p_out_weight": 1976022.375, "rc_weight": 16686.0546875, "ru_weight": 0.8508769869804382, "rv_weight": 0.8542059063911438, "u_noslip_weight": 3210567.25, "v_in_weight": 3151272.75, "v_noslip_weight": 3025895.75, "v_out_weight": 3045638.75, "u_error": 0.8499933481216431, "v_error": 1.025869369506836, "_timestamp": 1716572763.6183538, "_runtime": 1184.077945947647, "_step": 1500, "_wandb": {"runtime": 1195}}