{"p_in_loss": 0.05191465839743614, "p_out_loss": 3.1536645110463724e-05, "rc_loss": 1.4475788702839054e-05, "ru_loss": 2.576040744781494, "rv_loss": 0.02695593424141407, "u_noslip_loss": 0.00014138950791675597, "v_noslip_loss": 2.55126415140694e-05, "v_out_loss": 3.5782511531579075e-07, "p_in_weight": 13.912908554077148, "p_out_weight": 623.2131958007812, "rc_weight": 1013.8868408203125, "ru_weight": 0.14083757996559143, "rv_weight": 1.3081066608428955, "u_noslip_weight": 296.4087219238281, "v_noslip_weight": 1888.0078125, "v_out_weight": 3171.23681640625, "u_error": 40.848533630371094, "v_error": 36.44109344482422, "_timestamp": 1715796580.1074605, "_runtime": 186.07353138923645, "_step": 99900, "_wandb": {"runtime": 185}}