{"p_in_loss": 1.6512600495843799e-06, "p_out_loss": 5.254444772617717e-07, "rc_loss": 0.04585942625999451, "ru_loss": 12513.353515625, "rv_loss": 5302.14453125, "u_noslip_loss": 0.00023025652626529336, "v_in_loss": 2.7597101848186867e-07, "v_noslip_loss": 0.0001249796332558617, "v_out_loss": 8.461637435175362e-07, "p_in_weight": 34506832.0, "p_out_weight": 41060612.0, "rc_weight": 19125.671875, "ru_weight": 0.205704465508461, "rv_weight": 0.24192668497562408, "u_noslip_weight": 16091827.0, "v_in_weight": 22854130.0, "v_noslip_weight": 16395721.0, "v_out_weight": 20468032.0, "u_error": 0.5658702850341797, "v_error": 0.5685112476348877, "_timestamp": 1718112433.4837675, "_runtime": 838.7653665542603, "_step": 99900, "_wandb": {"runtime": 839}}