{"p_ic_loss": 7.4606687121558934e-06, "p_in_loss": 7.409262821056473e-07, "p_out_loss": 2.3360377099379548e-07, "rc_loss": 8.641118256491609e-06, "rs_loss": 5.2726052672369406e-05, "ru_loss": 0.07059063017368317, "rv_loss": 4.9919268349185586e-05, "s_ic_loss": 0.0017320316983386874, "s_in_loss": 4.158363299211487e-05, "u_ic_loss": 4.848241701438383e-07, "u_noslip_loss": 0.004275322891771793, "v_ic_loss": 1.0294149976886047e-09, "v_in_loss": 9.054832994515039e-10, "v_noslip_loss": 1.909498337226978e-09, "v_out_loss": 2.7679747383047015e-10, "p_ic_weight": 6.756964206695557, "p_in_weight": 155.2236785888672, "p_out_weight": 373.8748779296875, "rc_weight": 35.688968658447266, "rs_weight": 2.5693061351776123, "ru_weight": 0.08767759799957275, "rv_weight": 3.223140239715576, "s_ic_weight": 5.220980644226074, "s_in_weight": 24.18425941467285, "u_ic_weight": 132.24647521972656, "u_noslip_weight": 1.1955686807632446, "v_ic_weight": 3629.836181640625, "v_in_weight": 3354.33544921875, "v_noslip_weight": 3557.3212890625, "v_out_weight": 9271.748046875, "cas_weight": 0.006834870204329491, "_timestamp": 1717705121.2814915, "_runtime": 1677.1340594291687, "_step": 99900, "_wandb": {"runtime": 1678}}