{"p_in_loss": 3.8458594531221024e-08, "p_out_loss": 2.7340107067175268e-08, "rc_loss": 0.002799091162160039, "ru_loss": 6949.52880859375, "rv_loss": 3590.277099609375, "u_noslip_loss": 9.941740245267283e-06, "v_in_loss": 1.7020413967117065e-09, "v_noslip_loss": 1.0798450603033416e-05, "v_out_loss": 1.5457692903453335e-09, "p_in_weight": 82111136.0, "p_out_weight": 122401920.0, "rc_weight": 172741.90625, "ru_weight": 0.23097167909145355, "rv_weight": 0.2145831137895584, "u_noslip_weight": 435529280.0, "v_in_weight": 132851288.0, "v_noslip_weight": 134613040.0, "v_out_weight": 199248320.0, "u_error": 0.6893601417541504, "v_error": 0.6632984280586243, "_timestamp": 1716489689.7209246, "_runtime": 3500.3006336688995, "_step": 159900, "_wandb": {"runtime": 3501}}