{"p_ic_loss": 0.8508169651031494, "p_in_loss": 2.6033878326416016, "p_out_loss": 0.0190714243799448, "rc_loss": 0.10433775186538696, "rs_loss": 0.08031760901212692, "ru_loss": 0.04430210962891579, "rv_loss": 0.015294179320335388, "s_ic_loss": 0.051457300782203674, "s_in_loss": 0.2109992504119873, "u_ic_loss": 0.011535704135894775, "u_noslip_loss": 0.022370463237166405, "v_ic_loss": 0.0004971791058778763, "v_in_loss": 0.002729110885411501, "v_noslip_loss": 0.002554556354880333, "v_out_loss": 0.00020557695825118572, "p_ic_weight": 0.9487656354904175, "p_in_weight": 0.9109566807746887, "p_out_weight": 0.9502332806587219, "rc_weight": 3.157857894897461, "rs_weight": 3.6290476322174072, "ru_weight": 4.334938049316406, "rv_weight": 2.686094045639038, "s_ic_weight": 1.3133655786514282, "s_in_weight": 1.2033909559249878, "u_ic_weight": 1.7101396322250366, "u_noslip_weight": 1.6826575994491577, "v_ic_weight": 1.3815491199493408, "v_in_weight": 1.3486319780349731, "v_noslip_weight": 1.3844399452209473, "v_out_weight": 1.38519287109375, "cas_weight": 4.359322825680037e-15, "_timestamp": 1717771577.4792628, "_runtime": 188.50984382629395, "_step": 100, "_wandb": {"runtime": 246}}