{"p_in_loss": 0.02107521891593933, "p_out_loss": 0.02136620134115219, "rc_loss": 0.14801597595214844, "ru_loss": 168547.4375, "rv_loss": 15395.083984375, "u_noslip_loss": 0.0011427807621657848, "v_in_loss": 9.899574070004746e-05, "v_noslip_loss": 0.00025647509028203785, "v_out_loss": 0.00010725176252890378, "p_in_weight": 2069067.5, "p_out_weight": 1976022.375, "rc_weight": 16686.0546875, "ru_weight": 0.8508769869804382, "rv_weight": 0.8542059063911438, "u_noslip_weight": 3210567.25, "v_in_weight": 3151272.75, "v_noslip_weight": 3025895.75, "v_out_weight": 3045638.75, "u_error": 0.8916081190109253, "v_error": 1.0024546384811401, "_timestamp": 1716573609.8591356, "_runtime": 822.921338558197, "_step": 1000, "_wandb": {"runtime": 824}}