{"p_in_loss": 2.514760844007924e-09, "p_out_loss": 3.55655260797505e-09, "rc_loss": 8.535670303899678e-07, "ru_loss": 8.909664757084101e-06, "rv_loss": 6.983932507864665e-06, "u_noslip_loss": 8.100146331457836e-09, "v_noslip_loss": 4.742388703959932e-09, "p_in_weight": 93.42756652832031, "p_out_weight": 82.20630645751953, "rc_weight": 1.9325270652770996, "ru_weight": 0.2920076847076416, "rv_weight": 0.3670501410961151, "u_noslip_weight": 83.34884643554688, "v_noslip_weight": 122.72370147705078, "u_error": 0.7290213704109192, "v_error": 0.7368525266647339, "_timestamp": 1715711109.27942, "_runtime": 175.61316394805908, "_step": 99900, "_wandb": {"runtime": 175}}