{"p_in_loss": 1.0528406164667103e-06, "p_out_loss": 1.3091645314489142e-06, "rc_loss": 0.0016995718469843268, "ru_loss": 0.18607164919376373, "rv_loss": 0.08254145830869675, "u_noslip_loss": 2.0086998119950294e-05, "v_in_loss": 6.556586527040054e-07, "v_noslip_loss": 4.040517069370253e-06, "v_out_loss": 5.754132530455536e-07, "p_in_weight": 3596.425048828125, "p_out_weight": 3581.6181640625, "rc_weight": 18.834636688232422, "ru_weight": 0.8579575419425964, "rv_weight": 0.8483723998069763, "u_noslip_weight": 2910.985595703125, "v_in_weight": 2045.031005859375, "v_noslip_weight": 2068.26025390625, "v_out_weight": 1929.8883056640625, "u_error": 1.0069153308868408, "v_error": 1.0060019493103027, "_timestamp": 1715954078.4764764, "_runtime": 47.51491141319275, "_step": 1700, "_wandb": {"runtime": 46}}