{"p_ic_loss": 0.08559779822826385, "p_in_loss": 0.26070013642311096, "p_out_loss": 0.0008293338469229639, "rc_loss": 0.01272658072412014, "rs_loss": 0.017081502825021744, "ru_loss": 0.0030462092254310846, "rv_loss": 0.001809947658330202, "s_ic_loss": 0.026562094688415527, "s_in_loss": 0.010871093720197678, "u_ic_loss": 0.4941692054271698, "u_noslip_loss": 0.0006178756011649966, "v_ic_loss": 0.0010214581852778792, "v_in_loss": 0.00039814069168642163, "v_noslip_loss": 0.0017535046208649874, "v_out_loss": 1.7122652934631333e-05, "p_ic_weight": 0.7085951566696167, "p_in_weight": 0.8704637289047241, "p_out_weight": 3.055514097213745, "rc_weight": 3.154184579849243, "rs_weight": 2.022510051727295, "ru_weight": 6.315971374511719, "rv_weight": 7.076314926147461, "s_ic_weight": 2.0297141075134277, "s_in_weight": 2.943631172180176, "u_ic_weight": 0.8490575551986694, "u_noslip_weight": 2.6641621589660645, "v_ic_weight": 6.434928894042969, "v_in_weight": 7.137271881103516, "v_noslip_weight": 8.563948631286621, "v_out_weight": 23.77928352355957, "cas_weight": 0.7390850782394409, "_timestamp": 1717519361.0178378, "_runtime": 101.643150806427, "_step": 3300}