{"p_in_loss": 4.993439688405488e-06, "p_out_loss": 2.4844157451298088e-06, "rc_loss": 0.003728611394762993, "ru_loss": 276.7397766113281, "rv_loss": 269.79498291015625, "u_noslip_loss": 0.00030038657132536173, "v_in_loss": 2.8724365108701022e-08, "v_noslip_loss": 0.00017732584092300385, "v_out_loss": 5.006407732821572e-08, "p_in_weight": 1282796.25, "p_out_weight": 1298845.5, "rc_weight": 16920.71484375, "ru_weight": 0.25068286061286926, "rv_weight": 0.1996922641992569, "u_noslip_weight": 1925828.0, "v_in_weight": 2255190.0, "v_noslip_weight": 2064938.75, "v_out_weight": 2259940.25, "u_error": 0.42331409454345703, "v_error": 0.48561128973960876, "_timestamp": 1716558165.0424297, "_runtime": 1926.638900756836, "_step": 159900, "_wandb": {"runtime": 1926}}