{"p_in_loss": 1.4227030931124318e-07, "p_out_loss": 1.863885614739047e-07, "rc_loss": 1.808084221011086e-06, "ru_loss": 0.0011662066681310534, "rv_loss": 0.0006201437208801508, "u_noslip_loss": 2.4670528731007835e-08, "v_in_loss": 5.769175359660039e-09, "v_noslip_loss": 1.3887598626638464e-08, "v_out_loss": 4.8479829040104505e-09, "p_in_weight": 1183.6488037109375, "p_out_weight": 719.6182250976562, "rc_weight": 167.06333923339844, "ru_weight": 0.18734340369701385, "rv_weight": 0.3186860978603363, "u_noslip_weight": 2661.0126953125, "v_in_weight": 7003.10693359375, "v_noslip_weight": 4979.8359375, "v_out_weight": 5408.8017578125, "u_error": 0.057951848953962326, "v_error": 0.08572255820035934, "_timestamp": 1715885016.2521033, "_runtime": 186.34163641929626, "_step": 99900, "_wandb": {"runtime": 185}}