{"p_in_loss": 1.3048916116531473e-06, "p_out_loss": 3.637090912889107e-06, "rc_loss": 0.0007840050384402275, "ru_loss": 123.56473541259766, "rv_loss": 119.9312744140625, "u_noslip_loss": 0.00026071007596328855, "v_in_loss": 2.2434473123666976e-07, "v_noslip_loss": 0.0001509792055003345, "v_out_loss": 2.2034443247775926e-07, "p_in_weight": 1084185.875, "p_out_weight": 1095961.25, "rc_weight": 26003.26953125, "ru_weight": 0.258806437253952, "rv_weight": 0.19488321244716644, "u_noslip_weight": 1596322.5, "v_in_weight": 1640481.25, "v_noslip_weight": 1610093.875, "v_out_weight": 1643986.875, "u_error": 0.41465073823928833, "v_error": 0.4705485701560974, "_timestamp": 1716215168.80306, "_runtime": 1813.312222957611, "_step": 149900, "_wandb": {"runtime": 1813}}