{"p_in_loss": 3.876423761539627e-06, "p_out_loss": 5.266932021186221e-06, "rc_loss": 0.1275576651096344, "ru_loss": 19175.5234375, "rv_loss": 6462.81640625, "u_noslip_loss": 0.0005872168694622815, "v_in_loss": 1.8370973293713178e-06, "v_noslip_loss": 0.0001769491209415719, "v_out_loss": 3.696105750350398e-06, "p_in_weight": 34246320.0, "p_out_weight": 36922244.0, "rc_weight": 15313.73046875, "ru_weight": 0.2304074615240097, "rv_weight": 0.23726019263267517, "u_noslip_weight": 7216743.0, "v_in_weight": 16450760.0, "v_noslip_weight": 14008966.0, "v_out_weight": 16002855.0, "u_error": 0.5644118189811707, "v_error": 0.6651016473770142, "_timestamp": 1718055666.0175757, "_runtime": 414.646755695343, "_step": 39100, "_wandb": {"runtime": 414}}