{"p_in_loss": 3.052363126698765e-06, "p_out_loss": 6.461715429395554e-07, "rc_loss": 0.014462023042142391, "ru_loss": 3888.458984375, "rv_loss": 2098.072998046875, "u_noslip_loss": 0.00018237397307530046, "v_in_loss": 6.239860113055329e-07, "v_noslip_loss": 8.206683560274541e-05, "v_out_loss": 3.149452538764308e-07, "p_in_weight": 4957810.0, "p_out_weight": 10186018.0, "rc_weight": 43158.07421875, "ru_weight": 0.24307861924171448, "rv_weight": 0.20473691821098328, "u_noslip_weight": 8062360.5, "v_in_weight": 10147924.0, "v_noslip_weight": 8805268.0, "v_out_weight": 17124650.0, "u_error": 0.3707309663295746, "v_error": 0.3880944848060608, "_timestamp": 1717614076.4928465, "_runtime": 2014.3237314224243, "_step": 199900, "_wandb": {"runtime": 2014}}