{"p_in_loss": 2.4780667445156723e-05, "p_out_loss": 1.241255085915327e-05, "rc_loss": 0.0185483917593956, "ru_loss": 0.021907607093453407, "rv_loss": 0.013507871888577938, "u_noslip_loss": 8.173248352250084e-05, "v_noslip_loss": 7.950202416395769e-05, "p_in_weight": 33.00946807861328, "p_out_weight": 45.864585876464844, "rc_weight": 1.2200466394424438, "ru_weight": 0.9127219915390015, "rv_weight": 0.8636934757232666, "u_noslip_weight": 82.71737670898438, "v_noslip_weight": 89.53083038330078, "u_error": 0.7787588238716125, "v_error": 0.7960414290428162, "_timestamp": 1715781378.9055405, "_runtime": 20.77872657775879, "_step": 1000, "_wandb": {"runtime": 15}}