{"_wandb": {"runtime": 22}, "p_in_loss": 0.32326823472976685, "p_out_loss": 0.2603200078010559, "rc_loss": 22.660850524902344, "ru_loss": 56409784.0, "rv_loss": 43838976.0, "u_noslip_loss": 0.11937757581472397, "v_in_loss": 0.6168640851974487, "v_noslip_loss": 0.25390028953552246, "v_out_loss": 0.02002544328570366, "p_in_weight": 1372659.5, "p_out_weight": 1310952.125, "rc_weight": 13643.80859375, "ru_weight": 0.9197574853897095, "rv_weight": 0.9253895878791809, "u_noslip_weight": 2707285.0, "v_in_weight": 2563181.0, "v_noslip_weight": 2468706.25, "v_out_weight": 2460395.5, "u_error": 3.1641383171081543, "v_error": 8.988165855407715, "_timestamp": 1716203970.0542223, "_runtime": 20.696235418319702, "_step": 0}