{"p_in_loss": 9.58145574259106e-06, "p_out_loss": 5.389543275668984e-06, "rc_loss": 0.014407966285943985, "ru_loss": 4869650.0, "rv_loss": 7993370.5, "u_noslip_loss": 1.4465616970937845e-07, "v_in_loss": 2.6605572855942228e-08, "v_noslip_loss": 1.1836752378258097e-07, "v_out_loss": 7.410161373400115e-09, "p_in_weight": 2327773696.0, "p_out_weight": 2389755392.0, "rc_weight": 2615023.0, "ru_weight": 0.25474730134010315, "rv_weight": 0.22095978260040283, "u_noslip_weight": 5873368576.0, "v_in_weight": 8869030912.0, "v_noslip_weight": 8867830784.0, "v_out_weight": 8903748608.0, "u_error": 1.000043272972107, "v_error": 1.000211477279663, "_timestamp": 1716577305.8107476, "_runtime": 1932.2771246433258, "_step": 159900, "_wandb": {"runtime": 1932}}