{"p_in_loss": 0.002731872722506523, "p_out_loss": 0.0008955582161433995, "rc_loss": 0.0053087626583874226, "rs_loss": 0.007280994206666946, "ru_loss": 0.003595751477405429, "rv_loss": 0.0006174352602101862, "s_ic_loss": 0.02467518113553524, "s_in_loss": 0.016295896843075752, "u_noslip_loss": 0.011188972741365433, "v_in_loss": 9.620168566470966e-05, "v_noslip_loss": 0.0004037126200273633, "v_out_loss": 0.00017792046128306538, "p_in_weight": 0.9176823496818542, "p_out_weight": 0.9295884966850281, "rc_weight": 2.3066394329071045, "rs_weight": 3.067077875137329, "ru_weight": 1.9101855754852295, "rv_weight": 3.4479575157165527, "s_ic_weight": 1.0560425519943237, "s_in_weight": 1.1754966974258423, "u_noslip_weight": 1.364545226097107, "v_in_weight": 1.1301120519638062, "v_noslip_weight": 1.1149981021881104, "v_out_weight": 1.069291591644287, "cas_weight": 0.8898980021476746, "_timestamp": 1718022018.597262, "_runtime": 162.97481894493103, "_step": 100, "_wandb": {"runtime": 193}}