{"p_in_loss": 1.0761100384115707e-06, "p_out_loss": 6.998110393396928e-07, "rc_loss": 0.0449623167514801, "ru_loss": 10751.060546875, "rv_loss": 4586.3349609375, "u_noslip_loss": 0.00021443057630676776, "v_in_loss": 1.544752080917533e-06, "v_noslip_loss": 9.330963803222403e-05, "v_out_loss": 1.1134251280964236e-06, "p_in_weight": 36289248.0, "p_out_weight": 43256968.0, "rc_weight": 28019.615234375, "ru_weight": 0.2384527176618576, "rv_weight": 0.20890451967716217, "u_noslip_weight": 18263008.0, "v_in_weight": 29212728.0, "v_noslip_weight": 23821222.0, "v_out_weight": 28079932.0, "u_error": 0.4652620255947113, "v_error": 0.5392002463340759, "_timestamp": 1718113662.8755538, "_runtime": 605.5125179290771, "_step": 71700}