{"p_in_loss": 3.7164689103974524e-09, "p_out_loss": 1.965008600279816e-09, "rc_loss": 5.680618642145419e-07, "ru_loss": 2.0329391645645956e-06, "rv_loss": 1.254561539099086e-06, "u_noslip_loss": 1.91304074803611e-08, "v_in_loss": 2.6313376477737904e-10, "v_noslip_loss": 1.255730630589369e-09, "v_out_loss": 3.3366043261651157e-10, "p_in_weight": 88.68049621582031, "p_out_weight": 61.53456497192383, "rc_weight": 1.3309122323989868, "ru_weight": 0.23344650864601135, "rv_weight": 0.3348291218280792, "u_noslip_weight": 37.94050979614258, "v_in_weight": 170.10902404785156, "v_noslip_weight": 82.28874969482422, "v_out_weight": 250.8775177001953, "u_error": 0.6727346777915955, "v_error": 0.6797675490379333, "_timestamp": 1715863297.052814, "_runtime": 183.04922199249268, "_step": 99900, "_wandb": {"runtime": 182}}