{"p_ic_loss": 2.6445557068655035e-06, "p_in_loss": 2.1603590028007602e-08, "p_out_loss": 6.501582561213581e-08, "rc_loss": 2.774747827061219e-06, "rs_loss": 5.357592726795701e-06, "ru_loss": 0.006525739561766386, "rv_loss": 3.3390494991181185e-07, "s_ic_loss": 2.3890897864475846e-06, "s_in_loss": 7.076821617602036e-08, "u_ic_loss": 2.334674888970767e-07, "u_noslip_loss": 1.8693329195684782e-07, "v_ic_loss": 1.5669984163328363e-14, "v_in_loss": 2.610043617900257e-16, "v_noslip_loss": 4.462136531850711e-15, "v_out_loss": 7.310380055260303e-17, "p_ic_weight": 99.71432495117188, "p_in_weight": 1428.5323486328125, "p_out_weight": 1392.4598388671875, "rc_weight": 165.9307861328125, "rs_weight": 109.22661590576172, "ru_weight": 0.06735898554325104, "rv_weight": 1886.58984375, "s_ic_weight": 203.32752990722656, "s_in_weight": 576.9778442382812, "u_ic_weight": 487.3681335449219, "u_noslip_weight": 632.5001831054688, "v_ic_weight": 113390784.0, "v_in_weight": 102945584.0, "v_noslip_weight": 49084212.0, "v_out_weight": 69371016.0, "cas_weight": 0.9048275947570801, "_timestamp": 1717534593.2782507, "_runtime": 8434.408230781555, "_step": 499900, "_wandb": {"runtime": 8435}}