{"p_in_loss": 4.472862080717732e-09, "p_out_loss": 4.082612470313052e-09, "rc_loss": 0.07784013450145721, "ru_loss": 478025.40625, "rv_loss": 1238163.5, "u_noslip_loss": 1.514253833434509e-09, "v_noslip_loss": 9.178426019218477e-09, "v_out_loss": 3.302940698723944e-10, "p_in_weight": 16409937575936.0, "p_out_weight": 15919796453376.0, "rc_weight": 6566801.5, "ru_weight": 0.48486989736557007, "rv_weight": 0.1720534712076187, "u_noslip_weight": 135057821925376.0, "v_noslip_weight": 55365068652544.0, "v_out_weight": 126081214447616.0, "u_error": 0.9893312454223633, "v_error": 0.991834282875061, "_timestamp": 1715798623.216559, "_runtime": 186.12946105003357, "_step": 99900, "_wandb": {"runtime": 185}}