{"p_in_loss": 2.0954757928848267e-09, "p_out_loss": 5.671977305610199e-07, "rc_loss": 6442.57080078125, "ru_loss": 605928816640.0, "rv_loss": 3180877316096.0, "u_noslip_loss": 4.29625652031973e-05, "v_in_loss": 9.964840508303041e-09, "v_noslip_loss": 3.1740677513880655e-05, "v_out_loss": 2.820406663772701e-08, "p_in_weight": 8.369296693165818e+18, "p_out_weight": 8.328695027286934e+18, "rc_weight": 6780139008.0, "ru_weight": 0.7591767311096191, "rv_weight": 0.4231807589530945, "u_noslip_weight": 5.503763232751354e+18, "v_in_weight": 1.4503667777597866e+19, "v_noslip_weight": 1.184617813495513e+18, "v_out_weight": 1.4021461560073912e+19, "u_error": 1.0001641511917114, "v_error": 0.9999827742576599, "_timestamp": 1715963047.569667, "_runtime": 291.79661202430725, "_step": 18600, "_wandb": {"runtime": 292}}